Adjective,ačɨx,ačɨx,open
Adjective,aʁowus,aʁowus,bad
Adjective,aˤǯizdɨ,aˤǯiz-dɨ,thin-ATTR
Adjective,balasdɨ,balas-dɨ-biš-e,most-ATTR-OBL-ERG
Adjective,'bat''rad','bat''ra-na',beautiful-ADV
Adjective,'bat''rad','bɨt''ra-na',beautiful-ADV
Adjective,'bat''rad','bɨt''rɨ-d',beautiful-ATTR
Adjective,duqun,duqun,large
Adjective,düzdɨ,düz-dɨ,correct-ATTR
Adjective,düzdɨ,düz-waldɨ,correct-ABSTR
Adjective,eked,eke,big
Adjective,eweldɨ,ewel,ancient
Adjective,ɢečid,ɢeči,tired
Adjective,hazɨrdɨ,hazɨr-dɨ,ready-ATTR
Adjective,haˤzɨr,haˤzɨr,cooked
Adjective,hɨχdɨ,hɨχ-dɨ,good-ATTR
Adjective,iddɨ,idd-ana,sweet-ADV
Adjective,ixad,ixa-d,late-ATTR
Adjective,iχad,iχa-d-kal-dɨ,late-ATTR-SIMIL-ATTR
Adjective,'k''aʔdɨ','k''aʔ-dɨ',small-ATTR
Adjective,'k''aʔdɨ','k''aʔ-dɨ-baj-dɨ',young-ATTR-CONTR-ATTR
Adjective,kamdɨ,kam-dɨ,lacking-ATTR
Adjective,kara,kara,black
Adjective,,kovrovoj,carpet[R]
Adjective,kühned,kühne-d,ancient-ATTR
Adjective,laazimdɨ,laazim,need
Adjective,laazimdɨ,laazim-dɨ,need-ATTR
Adjective,maddɨ,mad-dɨ,other-ATTR
Adjective,maddɨ,mad-dɨ-biš-e,other-ATTR-OBL.PL-ERG
Adjective,'mɨč''aqdɨ','mɨč''aq-a',dark-ADV
Adjective,'mɨč''aqdɨ','mɨč''aq-dɨ',dark-ATTR
Adjective,načaʁ,nača,ill
Adjective,načaʁ,načaʁ,ill
Adjective,nahaˤχdɨ,nahaˤχ-dɨ,guilty-ATTR
Adjective,naˁhaˁgdɨ,naˁhaˁg-waldɨ,naughty-ABSTR
Adjective,pisdɨ,pis-dɨ,bad-ATTR
Adjective,'q''aˤrdɨ','q''aˤr-dɨ',empty-ATTR
Adjective,'q''aˤsdɨ','q''aˤs-dɨ',old-ATTR
Adjective,'q''aˤsdɨ','q''aˁs-a',old-ADV
Adjective,'q''ɨla','q''ɨla',thin
Adjective,'q''ʷixdɨ','q''ɨx-dɨ',big-ATTR
Adjective,'k''iʔ-dɨ','q''ɨʔ-dɨ',small-ATTR
Adjective,'q''ʷixdɨ','q''ojx-dɨ',big-ATTR
Adjective,'q''ʷixdɨ','q''oxe',big
Adjective,?,qɨˤrki-d,hot.OBL-ATTR
Adjective,razi,razi-waldɨ,content-ABSTR
Adjective,sa:kitdɨ,sa:kit-waldɨ,calm-ABSTR
Adjective,sa:kitdɨ,saakit,calm
Adjective,saʁdɨ,saʁ,healthy
Adjective,?,siɣa,hot
Adjective,?,'suk''ut''i',quiet
Adjective,tek(dɨ),tek-dɨ,single-ATTR
Adjective,uxtandɨ,uxtan-na,beautiful-ADV
Adjective,volgogradskij,volgogradskij,Volgogradian[R]
Adjective,ǯiked,ǯike,short
Adjective,ǯuldɨ,ǯul-dɨ=kal-dɨ-bɨr,small-ATTR=SIMIL-ATTR-PL
Adjective,χuχdɨ,χuχ-dɨ,be.older-ATTR
adj stat,jildɨ i,jil-dɨ i,each-ATTR COP2
Adverb,aʔ,a-ʔ,inside-LAT
Adverb,aː,aː,below
Adverb,aː,aː-dɨ,below-ATTR
Adverb,aː-uː,aː-uː,around
Adverb,ara,ara,inside
Adverb,ara-ara,ara-ara,sometimes
Adverb,azam,azam,much
Adverb,bala,bala,much
Adverb,bejda,bejda,beside
Adverb,bɨga,bɨga,tomorrow
Adverb,düz,düz,directly
Adverb,eχɨr,eχir,finally
Adverb,eχirki,eχirki,finally
Adverb,ɢina,ɢina,Kina.IN.ESS
Adverb,?,hamɨʔ,now
Adverb,helekande,helekande,after
Adverb,hɨmɨ,hɨmɨ,now
Adverb,hɨmɨ,hɨmɨʔ=xa,now=ADD
Adverb,'k''ɨb','k''ɨb',early
Adverb,'k''ɨb','k''ɨbq''a',earlier
Adverb,laʔ,laʔ,up-LAT
Adverb,maː,maː,again
Adverb,mada,mada,again
Adverb,mɨs,mɨs,when
Adverb,mɨˤχa,mɨˤχa,Rutul
Adverb,mɨˤχa,mɨˤχa-biš-dɨ,Rutul.OBL-ATTR
Adverb,mɨˤχa,mɨˤχa-di-la,Rutul-ATR-OBL(SUP)-EL
Adverb,mɨˤχa,mɨˤχa:,Rutul-IN.EL
Adverb,,možet,maybe[R]
Adverb,narmalna,narmalna,normal[R]
Adverb,naʔnaˤχan,naʔnaˤχan,last.night
Adverb,naˤχan,naˤχan,at.night
Adverb,?,nes,before
Adverb,opʲat,opʲat,again[R]
Adverb,?,peʔ-dɨ=kal-dɨ,a.little-ATTR=SIMIL-ATTR
Adverb,quʔ,qu-ʔ,back-LAT
Adverb,uʔu,ʁ-uʔu,EMPH-up
Adverb,ʁaʔ,ʁa-ʔ,outside-LAT
Adverb,ʁara,ʁara,outside
Adverb,ʁijʁa,ʁijʁa-d,today-ATTR
Adverb,ʁijʁa,ʁijʁa-di-la,today-OBL(SUP)-EL
Adverb,saʔ,sa-ʔ,down-LAT
Adverb,sifda,sifda,at.first
Adverb,sifda,siftä-d,earlier-ATTR
Adverb,srazu,srazu,at.once[R]
Adverb,uː,uː,above
Adverb,uː,uː-la,above-EL
Adverb,?,xele,"after
Adverb,xelekan,xelekan,then
Adverb,xuʔ,xu-ʔ,in.front-LAT
Adverb,xura,xura,in.front
Adverb,ǯesuxwaj,ǯesuxwaj,despite
Adverb,ǯibra,ǯibra,following
Adverb,ǯibra,ǯibra-dɨ,following-ATTR
Adverb,χɨrɨda,χɨrɨdä-d,far-ATTR
conj,i,i,and[R]
conj,jesli,jesli,if[R]
conj,nu,nu,but[R]
intj,eχ,eχ,INTJ
intj,o,o,INTJ
intj,ohh,oh,INTJ
intj,u,u,INTJ
n,?,?,son.of.a.bitch
n,abdulla,abdulla,Abdulla
n,abdulla,abdulla-ra,Abdulla-ERG
n,abdulla,abdulla-s,Abdulla-DAT
n,abɨr,abɨr-di-d,respect-OBL-ATTR
n,abɨr,abɨr-lɨ,honour-ADJ
n,abɨr,abɨr-sɨz,respect-CAR
n,adat,adat,custom
n,aferin,aferin-waldɨ,thank-ABSTR
n,alfawit,alfawit,alphabet[R]
n,allah,allah,Allah
n,allah,allah-a-d,Allah-OBL-ATTR
n,allah,allah-a-ra,Allah-OBL-ERG
n,anekdot,anekdot,anecdote[R]
n,apiracii,apiracii,surgery[R]
n,aqɨjed,aqɨjed,tale
n,aqsaqal,aqsaqal,old.man
n,armenin,armenin,Armenian
n,armija,armija,army[R]
n,armʲa,armʲa,Armenian
n,arsɨz,arsɨz-waldɨ,effrontary-ABSTR
n,aʁɨl,aʁɨl-mɨ-da,aril-OBL.PL-SUP.ESS
n,asar,asar,calm
n,atimati,atimati,trembling(?)
n,awar,awar-a-ra,Avar-OBL-ERG
n,awar,awar-aš-dɨ,Avar-OBL.PL-ATTR
n,awar,awar-dʲ-a,Avar-OBL-IN.EL
n,awgust,awgust-a-d,august[R]-OBL-ATTR
n,awtobus,awtobus,bus[R]
n,awtobus,awtobus-a,bus[R]-IN.ESS
n,awtomašina,awtomašin-mɨ-d,car[R]-OBL.PL-ATTR
n,azerbajǯan,azerbajǯan-a,Azerbaijan-IN.ESS
n,?,'azuk''ai-d',cottage.cheese-ATTR
n,?,aˤr-ije,distance-?
n,baba,baba-d=xa,grandfather-ATTR=ADD
n,babaj,baba-ji-s,grandmother-OBL-DAT
n,babadid,babadid,grandfather
n,babadid,babadid-dɨ,grandfather-ATTR
n,babadid,babadid-e,grandfather-ERG
n,babaj,babaj,grandmother
n,babaj,babaj-dɨ,grandmother-ATTR
n,baba,babaj-e,grandmother-ERG
n,ban,ban,pasture
n,baʁ,baʁ-dɨ,garden-ATTR
n,baʁ,baʁ-dʲa,garden-OBL.IN.EL
n,baχna,baχn-ɨj-kan,cause-OBL-COM
n,begik,begik=xa,hill=ADD
n,biliš,biliš-waldɨ,meet-ABSTR
n,bɨna,bɨnij-a,mountain.camp.OBL-IN.ESS
n,buxax,buxax,beauty
n,'č''abal','č''abal-eši-s',sheep-OBL.PL-DAT
n,'č''abal','č''abal-iš-ik',sheep-OBL.PL-INTER.ESS
n,'c''aj','c''aj-bɨr',fire-PL
n,'č''arlaˤmp''','č''arlaˤmp''',IDEOPH
n,'č''el','č''el',word
n,'č''el','č''el-i-la',word-OBL-SUPER.EL
n,'č''el','č''el-i-la-d',word-OBL-SUPER.EL-ATTR
n,'c''ir','č''irč''ik',field.PL
n,?,'c''ɨmɨ',?
n,čapar,čapar,fence
n,čara,čara,way
n,čaχɨr,čaχɨr,wine
n,čejlaʁ,čejlaʁ-a,glade-SUP.ESS
n,čul,čul-d-e,desert-OBL-IN.ESS
n,dajarkawaldɨ,dajarka-waldɨ,milkmaid[R]-ABSTR
n,dama,dam-a,forest-IN.ESS
n,dam,dam-ɨ-d,forest-OBL-ATTR
n,dars,dars,lesson
n,dars,dars-bɨr,lesson-PL
n,daʁɨstan,daʁɨstan-a,Daghestan-IN.ESS
n,daʁɨstan,daʁɨstan-d-e,Dagestan-OBL-IN.ESS
n,dawar,dawar,cattle
n,dawar,dawar-a-χda,cattle-OBL-SUB.ESS
n,dawar,dawar-aši-s,cattle-OBL.PL-DAT
n,dawat,dawat-mɨ-k,wedding-OBL.PL-INTER.ESS
n,daˤʔwi,daˤʔwi-j-a,war-OBL-IN.ESS
n,daˤʔwi,daˤʔwi-je-d,war-OBL-ATTR
n,daˤʔwi,daˤʔwi-jmɨ-d,war-OBL.PL-ATTR
n,daˤʔwi,daˤʔwi=xa,war=ADD
n,daˁʔwi,daˁʔwi-ja-la,war-OBL-SUP.EL
n,daχa,daχa-la,day-SUP.EL
n,dega,deg-ɨj-e,den-OBL-IN.ESS
n,dega,deg-ɨj-e=xa,den-OBL-IN.ESS=ADD
n,derde,derde,situation
n,dewir,dewr-in-dɨ,time-OBL-ATTR
n,dibir,dibir,mullah
n,dibir,dibir-a-da,mullah-OBL-ERG
n,dibir,dibir-a-ra,mullah-OBL-ERG
n,dibir,dibir-a-xda,mullah-OBL-POST
n,dibir,dibir-ad,mullah-ATTR
n,dibir,dibir-wal-i-kan,mullah-ABSTR-OBL-COM
n,did,did,father
n,did,did-dɨ,father-ATTR
n,did,did-e,father-ERG
n,did,did-ɨ-la,father-OBL-SUP.EL
n,dost,dost=kal-dɨ,friend=SIMIL-ATTR
n,dünje,dünja-di,world.OBL-LOC
n,dunʁuz,dunʁuz,pig
n,dur,dur,name
n,dur,dur,spoon
n,dur,dur=xa,name=ADD
n,dušman,dušman-ar,enemy-PL
n,dux,dux-re=xa,son-PL=ADD
n,duχ,duχ,son
n,duχ,duχ-a-ra,son-OBL-ERG
n,duχ,duχ-re,son-PL
n,ebɨr,ebɨr,blood
n,edemi,edemi,man
n,edemi,edemi-je-d,man-OBL-ATTR
n,edemi,edemi-je-da,man-OBL-APUD.ESS
n,edemi,edemi-je-la,man-OBL-SUP.EL
n,edemi,edemi-je-ra,man-OBL-ERG
n,edemi,edemi-je-s,man-OBL-DAT
n,edemi,edemi-jer,man-PL
n,edemi,edemi-ješ-de,men-OBL.PL-LOC
n,edemi,edemi-ješe-s,man-OBL.PL-DAT
n,edemi,edemi-ji-χda,man-OBL-POST
n,edemi,edemi-r,man-ERG
n,ele,el-a,up-EL
n,ele,ele,up
n,ele,ele-d,up-ATTR
n,?,elig,?
n,eri,eri,half
n,?,ermeni-ra,Armenian-ERG
n,?,etim,orphan
n,eχir,eχir-a-s,end-OBL-DAT
n,eχir,eχir-mɨ-s,end-OBL.PL-DAT
n,eχɨr,eχɨr,end
n,eχtiled,eχtiled,talk
n,fabrika,fabrike,factory[R]
n,fatima,fatima,Fatima
n,fevralʲ,fevralʲ=xa,february[R]=ADD
n,forma,forma-i-kʷan,form[R]-OBL-COM
n,gada,gad-i-jed,guy-OBL-ATTR
n,gada,gad-i-jekan,guy-OBL-COM
n,gada,gad-ij-es,guy-OBL-DAT
n,gada,gad-ije-ra,guy-OBL-ERG
n,gada,gada,guy
n,gada,gada=xa,guy=ADD
n,gada,gadi-er,fellow-PL
n,gada,gadi-eš-a,fellow-OBL.PL-ERG
n,gada,gadi-je-ra,guy-OBL-ERG
n,gag,gag,father.in.law
n,gag,gag-dɨ,father.in.law-ATTR
n,?,gal,piece
n,?,gal-a,Gal-IN.ESS
n,?,gaš-dɨ,hunger-ATTR
n,gaˤš,gaš-e-kʷan,hunger-OBL-COM
n,gaˤš,gaˤš,hunger
n,,gaˤš-dɨ,hunger-ATTR
n,gezilbenǯir,gezilbenǯir,some.kind.of.grass
n,'gič''','gič''',fear
n,'gič''','gič''-a-d',fear-OBL-ATTR
n,gim,gim-a,square-IN(ESS)
n,gɨrc,gɨrc-bɨr,varenik-PL
n,gruzin,gruzin,Georgian
n,gruzin,gruzin-a-ra,Georgian-OBL-ERG
n,,gunah,sin
n,guniɢomšijer,guniɢomšijer-a,neighbour-ERG
n,?,gura,?
n,guzel,guzel,Güzel
n,guzel,guzele-ra,Güzel.OBL-ERG
n,guǯ,guǯ-a-guǯ,strength-?-strength
n,guǯ,guǯ-e-kan,force-OBL-COM
n,gʷalaχ,gʷalaχ,job
n,gʷalaχ,gwalaχ-bɨr,work-PL
n,ɢačaχ,ɢačaχ,outlaw
n,ɢačaχ,ɢačaχ-a-d,outlaw-OBL-ATTR
n,ɢačaχ,ɢačaχ-waldɨ=xa,outlaw-ABSTR=ADD
n,ɢanlɨ,ɢanlɨ-jer,killer-PL
n,ɢaradaʁ,ɢaradaʁ-a-d,Qaradag-OBL-ATTR
n,ɢari,ɢari-j-mar,wife-OBL-PL
n,ɢari,ɢari-je-ra,wife-OBL-ERG
n,ɢari,ɢari=na,wife=AND
n,ɢazamiš,ɢazamiš,income
n,>,'ɢɨrɨc''',Gyryc
n,ɢɨraʁ,ɢɨrʁɨ-da,shore.OBL-APUD.ESS
n,ɢruzin,ɢruzin,Georgian
n,ɢüdürɣe,ɢüdürɣe,turn
n,ɢul,ɢul,board
n,ɢušim,ɢušim,army
n,ɢušim,ɢušim-a-da,army-OBL-ERG
n,?,habajikan,?
n,'ʁaq''',haɢ,law
n,hajwan,hajwana-kan,horse.OBL-COM
n,'haq''','haq''-bɨr',ravine-PL
n,'haq''','haq''-ɨl-ma',ravine-OBL-LIM
n,'haq''al','haq''al',wit
n,'haq''al','haq''al-lɨ',intelligence-ADJ
n,haraj,haraj,cry
n,haramzada,haramzada,sinner
n,haraqe,haraqe,vodka
n,harbazurba,harbazurba-wal-i-kʷan,effrontary-ABSTR-OBL-COMIT
n,hawalaj,hawalai-s,havalay.OBL-DAT
n,hawalaj,hawalaj,Havalay
n,hawalaj,hawalaj-dɨ,havalay-ATTR
n,hawa,hawɨ-ji,air-ONL
n,hazima,hazima,fear
n,haǯi,haǯi,capital?
n,'haˤq''',haˤɢ,law
n,haˤr,haˤr,cooked
n,haˁwas,haˁwas,wish
n,heeg,heeg,pan
n,heeg,heeg-а-d,pan.OBL-ATTR
n,?,hi-nni-k,?-IN(ESS)
n,hɨld,hɨld-i-s,summer-OBL-DAT
n,hɨnɨš,hɨnč-i-d,god-OBL-ATTR
n,hɨnɨš,hɨnč-i-da,god-OBL-APUD.ESS
n,hɨnɨš,hɨnč-ɨ-ra,god-OBL-ERG
n,hul,hul-a,window-IN(ESS)
n,hul,hul-i-da,window-OBL-APUD.EL
n,huʔg,huʔg,ahead
n,huˤrmet,huˤrmet-di-kan,respect-OBL-COM
n,ibram,ibram,Ibram
n,ibram,ibram=xa,Ibram=ADD
n,ijulʲ,ijulʲ,july[R]
n,ijulʲ,ijulʲ-e-d,july[R]-OBL-ATTR
n,il,il-a-d,breath-OBL-ATTR
n,ilči,ilči-waldɨ,matchmaker-ABSTR
n,insan,insan,person
n,insan,insan-a-ra,person-OBL-ERG
n,insan,insan-ar,person-PL
n,insan,insan-aše-r,person-OBL.PL-?
n,irajχän,irajχän,basil
n,išleg,išleg,use
n,ismail,ismail,Ismail
n,iǯilas,iǯilas-da,meeting-APUD.ESS
n,iǯilas,iǯilas-de,gathering-ATTR
n,iχdɨled,iχdɨlet,story
n,iχdɨlet,iχdɨlet-bɨr,story-PL
n,jakʷ,jak-ušir,morning-?
n,jakʷ,jakʷ-a-s,morning
n,jamag,jamag-a-s,meal-OBL-DAT
n,'jaq''','jaq''-bɨr',laugther-PL
n,jardust,jardust,friend
n,jer,jer,land
n,jer,jer-a,place-IN.ESS
n,jer,jer-aː,place-IN.EL
n,jer,jer-i-biše,place-OBL-PL.OBL-DAT
n,jer,jer-ibiš-e,place-OBL.PL-ERG
n,jetim,jetim-a-kʷan,orphan-OBL-COM
n,jevrej,jevrej,Jew[R]
n,jiɢa,jiɢa-d,midst-ATTR
n,'jik''','jik''',heart
n,'jiq''','jiq''-a-d',middle-obl-ATTR
n,'jiq''','jiq''a-s-dɨ',middle-?
n,jiz,jiz,snow
n,'jiˁq''lekʲdɨ','jiˁq''lekʲd-ad',middle-ATTR
n,jɨʁ,jɨʁ,day
n,jɨʁ,jɨʁ-a,day-IN.ESS
n,jɨʁ,jɨʁ-bɨr,day-PL
n,jɨˤʁ,jɨˤʁ,day
n,jɨˤʁ,jɨˤʁ-χɨr,day-?
n,juldaš,juldaš,friend
n,juldaš,juldaš-e,friend-ERG
n,juldaš,juldaš-ir,friend-PL
n,?,'juq''u-dɨ',hard-ATTR
n,juš,juš-e,night-IN.ESS
n,juš,juš-e-d,night-OBL-ATTR
n,jüzüqara,jüzüqara,sinner
n,'k''alɨb','k''alɨb',look
n,'k''at''','k''at''',chicken
n,?,'k''atar-di-χda',?
n,?,'k''atardi',?
n,?,'k''ɨmadana',early.morning
n,kapɨr,kapɨr,dagger
n,kar,kar,thing
n,kar,kar-bɨr,thing-PL
n,kar,kar-i-ma,thing-OBL-LIM
n,karpɨz,karpɨz-a,watermelon-IN(ESS)
n,kasib,kasib-ar,poor-PL
n,kasib,kasib-aši-s,poor-OBL.PL-DAT
n,kašir,kašir,porridge
n,kašir,kašir-a-kan,porridge-OBL-COM
n,kef,kef,pleasure
n,kef,kef-di-k,pleasure-OBL-INTER.ESS
n,keǯibra,keǯibra,last
n,kilometr,kilometr,kilometer[R]
n,kilometr,kilometrɨa-la,kilometr[R].OBL-SUPER.EL
n,?,kiši-χda,men-POST
n,kɨšniš,kɨšniš,coriander
n,klass,klass-a-d,class-OBL-ATTR
n,klass,klass-a-s,class-OBL-DAT
n,kowχa,kowχa,elder
n,kowχa,kowχa-je-d,elder-OBL-ATTR
n,kowχa,kowχa-je-ra,elder-OBL-ERG
n,kowχa,kowχa-ji-d,elder-OBL-ATTR
n,kowχa,kowχa-wal-e,elder-ABSTR-SUP.ESS
n,kowχa,kowχa-wal-i,elder-ABSTR-SUP.ESS
n,kowχa,kowχa-waldɨ=xa,elder-ABSTR=ADD
n,kub,kub-a-s,pray-OBL-DAT
n,kumag,kumag,help
n,?,kunde-bɨr,???-PL
n,kurus,kurus,clothing
n,Kusur,kusur-a,Kusur-IN.ESS
n,'lec''','lec''-ur-a',river-OBL-IN.ESS
n,'lec''','lec''-ur-dɨ',river-OBL-ATTR
n,'lec''','lec''-ura-ra',river-OBL-ERG
n,lejiχ,lejiχ,useful
n,?,lɨšan,?
n,?,lɨšančij-e-d,fiancé-OBL-ATTR
n,lɨzɨd,lɨz-di-k,dough-OBL-INTER.ESS
n,lɨzɨd,lɨz//,dough
n,lɨzɨd,lɨzɨd,dough
n,mahid,mahid,dead
n,mahit,mahit-a-d,dead-OBL-ATTR
n,mal,mal,cattle
n,mal,mal-di-k,cattle-OBL-INTER.ESS
n,?,malaik,angel
n,mamzil,mamzilʲ-a=xʷa,time.OBL-IN.ESS=ADD
n,manut,manut,rouble
n,marzavanʲa,marzavanʲa,Marzavanya
n,mašina,mašin-bɨr,machine-PL
n,mašina,mašina-d,machine-ATTR
n,?,maˤhraba,war
n,maˤʔlim,maˤʔlim,teacher
n,maˤʔlim,maˤʔlim-a,teacher-?
n,maˤʔlim,maˤʔlim-a-ra,teacher-OBL-ERG
n,maˤʔlim,maˤʔlim-waldɨ,teacher-ABSTR
n,mihman,mihman-aš-da,guest-OBL-APUD.ESS
n,minnat,minnat,request
n,mirzaχan,mirzaχan,Mirzakhan
n,mirzaχan,mirzaχan-ɨ-s,Mirzakhan-OBL-DAT
n,mirzaχan,mirzaχan=xa,Mirzakhan=ADD
n,mixdab,mixdab,school
n,mixdab,mixdab-a,school-IN.ESS
n,mixdab,mixdab-a-d,school-OBL-ATTR
n,miχri,miχri,Mihri
n,?,mɨče-bɨr,lie-PL
n,?,mɨɢ-dɨ,cold-ATTR
n,mɨɢa,mɨɢa,frost
n,mɨk,mɨk,leg
n,'mɨq''','mɨq''',cold
n,'mɨq''','mɨq''-di-χda',cold-OBL-POST
n,'mɨq''','mɨq''-dɨ',cold-ATTR
n,'mɨq''','mɨq''-ɨ-kʷan',cold-OBL-COM
n,mɨsleʔaˤt,mɨsleʔaˤt-di-kan,agreement-OBL-COM
n,mori,mori-j-a,sea[R]-OBL-IN.ESS
n,muč,muč,compel
n,muhubade,muhubade,in.a.friendly.way
n,musulman,musulman=xʷa,Muslim=ADD
n,musurman,musurman,Muslim
n,musurman,musurman-e-d,Muslim-ATTR
n,musurmanin,musurmanin,Muslim
n,muˁɢʷ,muˤɢʷ-a,village-IN.ESS
n,muˁɢʷ,muˤɢʷ-aː-dɨ,village-IN.EL-ATTR
n,muˁɢʷ,muˤɢʷ-m-aː,village-OBL.PL-IN.EL
n,muˁɢʷ,muˤɢʷ-u-daː,village-OBL-APUD.EL
n,muˁɢʷ,muˤɢʷ-u-kan,village-OBL-COM
n,muˁɢʷ,muˤɢʷ-u-s,village-OBL-DAT
n,muˁɢʷ,muˁɢʷ,village
n,muˁɢʷ,muˁɢʷ-a,village-IN.ESS
n,muˁɢʷ,muˁɢʷ-a-dɨ,village-IN.ESS-ATTR
n,muˁɢʷ,muˁɢʷ-aː,village-IN.EL
n,muˁɢʷ,muˁɢʷ-u-d,village-OBL-ATTR
n,načala,načala-jmɨ-s,beginning[R]-OBL.PL-DAT
n,'naq''','naq''',dream
n,naʁʷ,naʁʷ,tear
n,nasredin,nasredin,Nasreddin
n,'naq''',neɢ-aː,dream-IN.EL
n,nekʲah,nekʲah,marriage
n,nemec,nemc-ar,German.PL
n,'nik''alaj','nik''alaj',tsarist
n,nikalaj,nikalaj-dɨ,Nikolay-ATTR
n,nin,nin,mother
n,nin,nin-dɨ,mother-ATTR
n,nin,nin-e,mother-ERG
n,nin,nin-waldɨ,mother-ABSTR
n,nise,nise-bɨr,cheese-PL
n,nʲekʲ,nʲekʲ,milk
n,'oblast''',oblasti,region[R]
n,oktjabɨr,oktjabɨr-a-d,october[R]-OBL-ATTR
n,oktjabɨr,oktjabr,october[R]
n,ostanovka,ostanovka-j-a,bus.stop[R]-OBL-SUP
n,oxota,oxota-ji-s,hunt[R]-OBL-DAT
n,oxotnik,oxotnik-e-r,hunter[R]-OBL-ERG
n,paɢʷal,paɢʷal-e-d,burdock-OBL-ATTR
n,paj,paj,share
n,paj,paj-bɨr,share-PL
n,palankaš,palankaš-i,colander-OBL(SUP)
n,pejʁambar,pejʁambar,prophet
n,perewal,perewal,pass[R]
n,programma,programma,curriculum[R]
n,'q''el','q''el',salt
n,'q''el','q''el-dɨ',salt-ATTR
n,'q''ismat','q''ismat',fate
n,?,'q''ixʲ-dɨ',senior-ATTR
n,'q''ɨrɨq''','q''ɨrq''-ɨ-χda',avalanche-OBL-POST
n,'q''ɨˤd','q''ɨˤ-ne',winter-TEMP
n,'q''ɨˤd','q''ɨˤd',winter
n,qadar,qadar,Qadar
n,rajano,rajano,education.office[R]
n,rak,rak,door
n,ramazan,ramazan,Ramazan
n,ramazan,ramazan-a,ramazan-ERG
n,raˁq,raˤɢ-a,road-in(ess)
n,f,raˤq,road
n,raˤq,raˤq-bɨr,road-PL
n,raˤq,raˤq-na,road-?
n,riši,riši,sister
n,riši,riši-d,sister-ATTR
n,riši,riši-jmar,sister-PL
n,riši,riši-jmaš-dɨ,sister-OBL.PL-ATTR
n,'rizq''','rizq''',subsistance
n,rɨš,rɨš,girl
n,rɨš,rɨš-e-d,girl-OBL-ATTR
n,rɨš,rɨš-e-da,girl-OBL-APUD.ESS
n,rɨš,rɨš-e-r//=na,girl-OBL-ERG=AND
n,rɨš,rɨš-e-ra,girl-OBL-ERG
n,rɨš,rɨš-e-s,girl-OBL-DAT
n,rɨš,rɨš=na,girl=AND
n,raˤq,rɨˁɢ-a,road-IN.ESS
n,ʁaˤnaˤχan,ʁaˤnaˤχan,tonight
n,ʁil,ʁil,leg
n,ʁil,ʁil-i,leg-SUP.ESS
n,ʁil,ʁil-i=xʷa,leg-SUP.ESS=ADD
n,ʁɨlɨʁ,ʁɨlɨʁ,egg
n,ʁɨlɨʁ,ʁɨlɨʁ-mar,egg-PL
n,ʁɨrčeqan,ʁɨˤrčeqan-aši-s,hunter-OBL.PL-DAT
n,ʁarčekan,ʁɨˤrčeqan-e-s,hunter-OBL-DAT
n,ʁarčekan,ʁɨˤrčeqan-er,hunter-PL
n,ʁarčekan,ʁɨˤrčeqan-er-a,hunter-OBL-ERG
n,ʁarčekan,ʁɨˤrčeqan-eši-k,hunter-OBL.PL-INTER(ESS)
n,ʁɨˁld,ʁɨˁld-i-dɨ,summer-OBL-ATTR
n,ʁɨˁr,ʁɨˁr-ar=xa,hare-PL=ADD
n,ʁɨˁr,ʁɨˁr=xa,hare=ADD
n,ʁɨˁrǯ,ʁɨˁrǯ,wild.goat
n,sabɨr,sabɨr-wal-dɨ,calm-NMLZ-ATTR
n,?,safar-de,way-?
n,šafer,šafer-a-ra,driver-OBL-ERG
n,šahad,šahad-aš-dɨ,witness-OBL.PL-ATTR
n,šahad,šahad-bɨr,witness-PL
n,šahad,šahad-wal-i-kan,witness-ABSTR-OBL-COM
n,?,sahal,hour
n,šak,šak,feeling
n,?,šak-allɨ-diš,feeling-NMNLZ-NO
n,?,salam,salam
n,salman,salman,Salman
n,samolet,samolet,airplane[R]
n,samur,samur,Samur
n,sanaˤʔat,sanaˤʔat,craftwork
n,?,šariat-i-kan,sharia-OBL-COM
n,saznanije,saznanije,conscience[R]
n,saˁʔaˁt,saˁʔaˁt,hour
n,saˁʔaˁt,saˁʔaˁt-bɨr,hour-PL
n,sejdɨbeg,sejdɨbeg-baj-dɨ,Seidibeg-CONTR-ATTR
n,selsowet,selsowet-waldɨ=xa,village.council[R]-ABSTR=ADD
n,semja,semja,family[R]
n,semja,semja-bɨr,family[R]-PL
n,sen,sen,year
n,sentjabar,sentʲabar-a-d,sempember[R]-OBL-ATTR
n,ses,ses,voice
n,sezon,sezona-la,season[R].OBL-SUPER.EL
n,šikɨl,šikɨlʲ-a,portray.OBL-IN(ESS)
n,sipɨl,sipɨl,onion
n,?,siqrigɨn,divorce
n,sit,sir,secret
n,sen,sɨd-a,year.OBL-IN
n,sen,sɨd-ɨ-la,year-OBL(SUP)-EL
n,sen,sɨdɨ,?
n,sen,sɨdɨ-mɨ,year.OBL-OBL.PL(SUP.ESS)
n,sen,sɨdɨ-χda,year.OBL-SUB.ESS
n,sen,sɨdɨ-χdɨ,year.OBL-sub(ess)
n,sɨr,sɨr,grave
n,sɨw,sɨw,mountain
n,sɨw,sɨw-a,mountain-OBL(SUP.ESS)
n,sɨw,sɨw-ɨmɨ-la,mountain-OBL.PL-SUP.EL
n,sɨw,sɨw-ɨmɨ-la χu-d,mountain-OBL.PL-IN.EL-???
n,sɨw,sɨwa [a:?],mountain-IN.EL
n,su,su,fried.grain.flour
n,šu,šu,brother
n,šu,šu,what
n,šu,šü-be,brother.PL-PL
n,sulejman,sulejman,Suleiman
n,sun,sun-a,flour-IN.ESS
n,?,supel-ej,moustache-?
n,?,sur,side
n,sur,sur-u,side-OBL(SUP)
n,?,sur-u-χ-la-dɨ,side-OBL-SUB-EL-ATTR
n,süri,süri-mi-kan,herd-OBL.PL-COM
n,sus,sus,daughter.in.law
n,sus,sus-a-d,daughter.in.law-OBL-GEN
n,sus,sus-u,daughter.in.law-OBL(SUP.ESS)
n,sus,sus-u-s,daughter.in.law-OBL-DAT
n,suzmaud,suzmaud,dill
n,?,'t''alak''',divorce
n,?,'t''alak''-bɨr',divorce-PL
n,'t''at''al','t''at''al',stick
n,?,'t''awɨr',?
n,'t''ile','t''ile',leaf
n,'t''ile','t''ile-bɨr',leaf-PL
n,'t''ile','t''ile-ma',?
n,'t''ili','t''ili-je-χda',leaf-OBL-SUB.ESS
n,'t''it''','t''it''',nipple
n,'t''it''','t''it''-e-χda',nipple-OBL-SUB.ESS
n,tanɨš,tanɨš-waldɨ,meet-ABSTR
n,?,'tawaq''a',request
n,telebe,telebe,pupil
n,telʲatnica,telʲatnica-waldɨ,calf.woman[R]-ABSTR
n,tike,tike,piece
n,tin,tin-bɨr,ingredient???-PL
n,tu,tu,spit
n,ubul,ubl-i-d,wolf-OBL-ATTR
n,ubul,ubl-i-da,wolf-OBL-APUD(ESS)
n,ubul,ubl-i-ra,wolf-OBL-ERG
n,ubul,uble,wolf.PL
n,ubul,uble-š-da,wolf.PL-OBL.PL-APUD(LAT)
n,ubul,uble-š-di,wolf.PL-OBL.PL-ATTR
n,ubul,uble-š-i,wolf.PL-OBL.PL-ERG
n,ubul,uble-š-ikan,wolf.PL-OBL.PL-COM
n,ubul,uble-š-ir,wolf.PL-OBL.PL-COM
n,ubul,uble=xa,wolf.PL=ADD
n,ubul,ubli,?
n,ubul,ublʲ-a,wolf.OBL-ERG
n,uboršʲitsa,uboršʲitsa-wal-ikan,cleaner-ABSTR-COM
n,ubul,ubul,wolf
n,ul,ul,eye
n,ul,ul-ä,eye-IN.EL
n,?,ul-i-χda,eye-OBL-SUB(ESS)
n,χuk,ulanxola,ulanxol
n,um,um,intelligence[R]
n,'uq''','uq''-bɨr',grass-PL
n,?,urus,Russian
n,urus,urus-ar=xa,Russian-PL=ADD
n,urus,urus-aš-dɨ,Russian-OBL.PL-ATTR
n,urus,urus-χda,russian-SUB.ESS
n,?,urussat-dʲ-a:,Russia-OBL-IN.EL
n,usturuǯ,usturuǯ-wali,guard-ABSTR
n,uˤmur,uˤmur,life
n,uˤmur,uˤmur-di-d,life-OBL-ATTR
n,volgograd,volgograd-dʲ-a,volgograd-ATTR-IN.EL
n,wakil,wakil,representative
n,?,wakin,?
n,walɨg,walɨg-mar-xad,clothes-PL-?
n,walɨg,walɨg-xad,cloth-?
n,?,war=,?
n,warlɨdɨ,warlɨ-ješ-da,rich-OBL.PL-APUD(ESS)
n,warlɨdɨ,warlɨ-ješ-is,rich-OBL.PL-DAT
n,warlɨdɨ,warlɨ-waldɨ,rich-ABSTR
n,waz,waz,month
n,waz,waz=na,month=ADD
n,waz,wazɨr-a,month.OBL-IN(ESS)
n,waz,wazɨr-dɨ,month.OBL-ATTR
n,waxt,waχt,time
n,waχt,waχt-bɨr,time-PL
n,waχt,waχt-ij-e,time-OBL-IN(ESS)
n,waχt,waχt-ij-e-la,time-OBL-IN-EL
n,waχt,waχt-ind-e,time-OBL-IN(ESS)
n,waχt,waχt-ind-i,time-OBL-IN(ESS)
n,waχt,waχt-ind-ɨ,time-OBL-IN(ESS)
n,?,wergič,?
n,wertolet,wertolet,helicopter[R]
n,wɨɣɨldɨ,wɨɣɨl,man
n,wɨγɨldɨ,wɨɣl-i-ra,man-OBL-ERG
n,wɨγle,wɨɣl-i-ra=xa,man-OBL-ERG-ADD
n,wɨɣɨldɨ,wɨɣle,man.PL
n,wɨγɨldɨ,wɨɣle-š-is,man.PL-OBL-DAT
n,wɨɣɨldɨ,wɨɣle=xa,man.PL=ADD
n,wɨs,wɨs-a,sunny.slope-IN(ESS)
n,wɨɣɨldɨ,wɨγle-ši-r,man.PL-OBL.PL-ERG
n,xač,xač,blueberry
n,xač,xač-al-mɨ-χda,blueberry-OBL-OBL.PL-SUB.ESS
n,xač,xač-alɨ-χda,blueberry-OBL-SUB.ESS
n,xač,xač-bɨr,blueberry-PL
n,?,'xak''',truth
n,?,xalala,behind?
n,xaǯalat,xaǯalat=xa,misery=ADD
n,xed,xed,water
n,xesɨm,xesɨm-a,face-IN.ESS
n,xesɨm,xesɨm-a-la,face-IN-EL
n,xed,xij-e,water.OBL-IN.ESS
n,xed,xij-ekan,water.OBL-COM
n,xed,xiji-da,water.OBL-APUD.ESS
n,xɨdɨldɨ,xɨdɨ-nɨw-dɨ,woman-OBL-ATTR
n,xɨdɨldɨ,xɨdɨ-nɨw-ɨkan,woman-OBL-COM
n,xɨdɨldɨ,xɨdɨ-nuw-dɨ,woman-OBL-ATTR
n,xɨdɨldɨ,xɨdɨl-now-a,woman-OBL.H-ERG
n,xɨdɨldɨ,xɨdɨl-now-us,woman-OBL-DAT
n,xɨdɨldɨ,xɨdɨl-nuw-dɨ,woman-OBL-ATTR
n,xɨdɨldɨ,xɨdɨl-nuwa-ra,women-OBL-ERG
n,xɨdɨldɨ,xɨdɨldɨ,woman
n,xɨdɨldɨ,xɨle,woman.PL
n,xɨdɨldɨ,xɨle-š-dɨ,woman.PL-OBL.PL-ATTR
n,xɨdɨldɨ,xɨle-š-e,woman.PL-OBL.PL-ERG
n,xɨdɨldɨ,xɨle-š-ikan,woman.PL-OBL.PL-COM
n,xɨdɨldɨ,xɨle-š-is,woman.PL-OBL.PL-DAT
n,xɨdɨldɨ,xɨle-še-s,women-OBL.PL-DAT
n,χɨnɨχ,xɨnime-r,child.PL-PL
n,χɨnɨχ,xɨnime-š-iχda,child.PL-OBL.PL-SUB(ESS)
n,xɨw,xɨw,bread
n,xɨw,xɨw-a,bread-OBL(SUP.ESS)
n,xɨw,xɨw-a-d,bread-OBL-ATTR
n,xɨw,xɨw-a-χda,bread-OBL-SUB.ESS
n,zakon,zakon,law[R]
n,zaman,zaman,time
n,zaman,zaman-ind-e,time-OBL-IN(ESS)
n,zarafat,zarafat-bɨr,joke-PL
n,ǯamaːˤt,ǯamaːˤt-i-ra,people-OBL-ERG
n,ǯamaʔat,ǯamaʔat,people
n,ǯamaʔat,ǯamaʔat-i-d,people-OBL-ATTR
n,ǯamaʔat,ǯamaʔat-i-kʷan,people-OBL-COM
n,ǯamaʔat,ǯamaʔat-i-ra,people-OBL-ERG
n,ǯamaʔat,ǯamaʔat-ije-ra,folk-OBL-ERG
n,ǯan,ǯan,body
n,ǯar,ǯar,sour.cream
n,ǯan,ǯen-di-da=xa,body.OBL-OBL-APUD.ESS=ADD
n,ǯiga,ǯiga,place
n,ǯiga,ǯiga-bɨr,place-PL
n,ǯiga,ǯigija-dɨ-bɨr,place.OBL-ATTR-PL
n,ǯiga,ǯigɨj=xʷa,together=ADD
n,ǯihil,ǯihil,young
n,ǯihil,ǯihil-er,young-PL
n,ǯilǯilim,ǯilǯilim,some.kind.of.plant
n,ǯins,ǯins,breed
n,ǯur,ǯur-a-d,kind-OBL-ATTR
n,χabar,χabar,news
n,χaɢ,χaɢ-bɨr,letters-PL
n,χaja,χaja,consсience
n,χajir,χajir,profit
n,?,χajiš,request
n,χal,χal,house
n,?,χal-a,home-IN(ESS)
n,χal,χal-dɨ,house-ATTR
n,χal,χal=xa,house=ADD
n,χaragwaj,χaragwaj,?
n,χaˤrad,χaˤrad,butter
n,χindandaj,χindandaj,widowed
n,χizan,χizan-d-ikan,family-OBL-COM
n,χɨl,χɨl,hand
n,χɨl,χɨl-e,hand-IN(ESS)
n,χɨl,χɨl-i-da,hand-OBL-APUD.ESS(?)
n,χɨl,χɨla-bɨr=xa,hand-PL=ADD
n,χɨladi,χɨladi,earthen.roof
n,χɨl,χɨlʲ-a,hand.OBL-IN.EL
n,χɨnɨχ,χɨnime-r,child.PL-PL
n,χɨnɨχ,χɨnime-r=xa,child.PL-PL=ADD
n,χɨnɨχ,χɨnime-š-is,child.PL-OBL.PL-DAT
n,χɨnɨχ,χɨnɨχ,child
n,χɨnɨχ,χɨnχ-ɨ-d,child-OBL-ATTR
n,χɨnɨχ,χɨnχ-ɨ-s,child-OBL-DAT
n,χɨrɨda,χɨrɨda,far
n,χumuχun,χumuχun,in.autumn
Numeral,'c''ɨmɨjeb','c''ɨ-mɨje-d',ten-eight-4
Numeral,ɢadɨ,ɢadɨ,twenty
Numeral,'jic''ɨb','jic''ɨ-d',ten-4
Numeral,'jiɣc''ɨr','jiɣ-c''ɨr',seven-ten
Numeral,'jiɣc''ɨr','jiɣ-c''ɨr-a-χdɨ',seven-ten-OBL-SUB(ESS)
Numeral,'jiɣc''ɨr','jiɣ-c''ɨr=na',seven-ten=AND
Numeral,jučub,juču-d,nine-4
Numeral,jučed,juču-dɨ,nine-ATTR
Numeral,juɣub,juɣu-d,seven-4
Numeral,'juq''ub','juq''-dɨ',four-ATTR
Numeral,'juq''ub','juq''u-d',four-4
Numeral,'juq''ub','juq''u-d-xus-dɨ',four-4-ORD-ATTR
Numeral,'juq''ub','juq''u-r',four-1
Numeral,'juq''ub','juq''u-r-xus-dɨ',four-1-ORD-ATTR
Numeral,juǯur,juǯur,nine.ten
Numeral,juǯur,juǯur=na,nine.ten=AND
Numeral,?,'k''aʔa-dɨ',two-ATTR
Numeral,'mɨjc''ɨr','mɨj-c''ɨr',eight-ten
Numeral,mɨjeb,mɨje-d,eight-4
Numeral,'q''ʷaˤb','q''uˤn-dɨ',two-ATTR
Numeral,'q''ʷaˤb','q''ʷaˤ-b',two-3
Numeral,'q''ʷaˤb','q''ʷaˤ-d',two-4
Numeral,'q''ʷaˤb','q''ʷaˤ-r',two-1
Numeral,'q''ʷaˤb','q''ʷaˤ-r',two-2
Numeral,'q''ʷaˤb','q''ʷaˤ-r-xus-dɨ',two-1-ORD-ATTR
Numeral,num,'q''wuˤ-nu',?
Numeral,rixcɨr,rix-cɨr-xus-dɨ,six-ten-ORD-ATTR
Numeral,rixɨb,rixɨ-d,six-4
Numeral,sa,sa,one
Numeral,sa,sa-da,one-APUD.ESS
Numeral,sa,sa-da-na,one-APUD.ESS=ADD
Numeral,sa,sa-da-xa,one-APUD.ESS=AND
Numeral,sa,sa-sa-biš-e,one-one-OBL.HPL-ERG
Numeral,sa,sa-sa-d,one-one-ATTR
Numeral,sa,sa=xa,one=ADD
Numeral,?,sad,?
Numeral,weš,weš,hundred
Numeral,weš,weš=na,hundred=AND
Numeral,xib,xib-arǯiken,three-MULT
Numeral,xib,'xib-c''ɨr=na',three-ten=AND
Numeral,xib,xib-dɨ,three-ATTR
Numeral,xib,xiba-d-xus-dɨ,three-4-ORD-ATTR
Numeral,xib,xibɨ-d,three-4
Numeral,xib,xibɨ-r,three-1
Numeral,xib,xibɨ-r,three-2
Numeral,xib,xibɨ-r-xus-dɨ,three-1-ORD-ATTR
Numeral,xub,xu-b,five-3
Numeral,xub,'xu-c''ur-dɨ',five-ten-ATTR
Numeral,xub,xu-d,five-4
Numeral,?,χuda,?
post,badana,badana,for
post,badana,badana-ma,for-LIM
pron,ha,ha,that
Pronoun,ha,ha-biš-da,that-OBL.HPL-APUD.EL
Pronoun,ha,ha-biš-dɨ,that-OBL.HPL-ATTR
Pronoun,ha,ha-biš-e,that-OBL.HPL-ERG
Pronoun,ha,ha-biši-s,that-OBL.HPL-DAT
Pronoun,ha,ha-biši-χda,that-OBL.HPL-SUB.ESS
Pronoun,ha,ha-bɨr,that-PL
Pronoun,ha,ha-d,that-ATTR
Pronoun,hada,ha-da,where-LOC
Pronoun,ha,ha-ja;haj-a,there-EL
Pronoun,ha,ha-ji-kan,that-OBL.N-COM
Pronoun,ha,ha-ji-kʷan,that-OBL.N-COM
Pronoun,ha,ha-ji-la,that-OBL.N-SUPER.EL
Pronoun,ha,ha-now,that-OBL.H(ERG)
Pronoun,ha,ha-now-a,that-OBL.H-ERG
Pronoun,ha,ha-nowɨ-k,that-OBL.H-INTER.ESS
Pronoun,ha,ha-nowɨ-s,that-OBL.H-DAT
Pronoun,ha,ha-nuw,that-OBL.H(ERG)
Pronoun,ha,ha-nuw-a,that-OBL.H-ERG
Pronoun,ha,ha-nuw-dɨ,that-OBL.H-ATTR
Pronoun,ha,ha-sa,that-MNR
Pronoun,ha,ha:-sa,that-MNR
Pronoun,ha,ha:-sa-d,that-MNR-ATTR
Pronoun,ha,haa-sa-d,that-MNR-ATTR
Pronoun,ha,haa-sa-kal,that-MNR-SIMIL
Pronoun,har,haar,each
Pronoun,haar,haar-nowɨ-χda,each-OBL.H-SUB.ESS
Pronoun,?,haara,?
Pronoun,?,hada,PTCL
Pronoun,?,hadan,?
Pronoun,ha,haj,there(ESS)
Pronoun,ha,haj-a,there-EL
Pronoun,ha,haj-eʔ,there-ALL
Pronoun,ha,haj-eʔ-dɨ,there-ALL-ATTR
Pronoun,ha,haj=xa,there(ESS)=ADD
Pronoun,ha,hajis,therefore
Pronoun,huš,hal,who.OBL.ERG
Pronoun,huš,hal-da,who.OBL-APUD.ESS
Pronoun,?,halalaa,?
Pronoun,huš,halɨ-s,who.OBL-DAT
Pronoun,?,hanuwa,?
Pronoun,har,har,each
Pronoun,har,har-nowɨ-χda,each-OBL.H-SUB.ESS
Pronoun,mi,he-mi,EMPH-this
Pronoun,mi,he-mi-d,EMPH-this-ATTR
Pronoun,mi,he-mi-d=xa,EMPH-this-ATTR=ADD
Pronoun,?,he-mi-ʁiʁ-a-d-ɨjexɨr,EMPH-this-today-OBL-ATTR
Pronoun,mi,he-mi-sa,EMPH-this-MNR
Pronoun,mi,he-mi-sa-d,EMPH-this-MNR-ATTR
Pronoun,mi,he-mij,EMPH-here(ESS)
Pronoun,ti,he-tin,EMPH-yonder
Pronoun,šuw,hiji-s,what.OBL-DAT
Pronoun,?,hiji-χda,that.OBL-SUB.ESS
Pronoun,?,hijikla,about.smth
Pronoun,hijis,hijis,why
Pronoun,šuw,hil-dɨ,what-ATTR
Pronoun,hile,hile,where
Pronoun,hile,hile-ʔ,where-LAT
Pronoun,hile,hile-ʔ=na,where-LAT=AND
Pronoun,hile,hili=jdʲen,where=IRR
Pronoun,hilʲa,hilʲa-dɨ-bɨr,where.from-ATTR-PL
Pronoun,?,hille-na,where-AND
Pronoun,himisa,himisa,so
Pronoun,his,his,why
Pronoun,?,hɨ-dɨ-nuw-da,?-ATTR-OBL-APUD(ESS)
Pronoun,?,hɨ-mɨ,now
Pronoun,ha,hu-dɨ,that-ATTR
Pronoun,huš,huš,who
Pronoun,je,ix-dɨ,we-ATTR
Pronoun,zɨ,iz-dɨ,I-ATTR
Pronoun,?,je,?
Pronoun,je,je,we
Pronoun,je,je-d,we-ERG
Pronoun,je,je-da,we-APUD.ESS
Pronoun,je,je-kan,we-COM
Pronoun,je,je-kʷan,we-COM
Pronoun,je,je-s,we-DAT
Pronoun,je,je-χda,we-SUB.ESS
Pronoun,?,jena,PTCL
Pronoun,jis,jis,why
Pronoun,wuǯ,juǯ,1.self
Pronoun,mi,mi,this
Pronoun,mi,mi-biš-da=ka(?)=xwa,this-OBL.HPL-APUD.ESS=*=ADD
Pronoun,mi,mi-biš-dɨ,this-OBL.HPL-ATTR
Pronoun,mi,mi-biš-dɨ=xa,this-OBL.HPL-ATTR=ADD
Pronoun,mi,mi-biš-e,this-OBL.HPL-ERG
Pronoun,mi,mi-biš-kan,this-OBL.HPL-COM
Pronoun,mi,mi-biši-s,this-OBL.HPL-DAT
Pronoun,mi,mi-biši-χda,this-OBL.HPL-SUB.ESS
Pronoun,mi,mi-bɨr,this-PL
Pronoun,mi,mi-d,this-ATTR
Pronoun,mi,mi-now,this-OBL.H
Pronoun,mi,mi-now-a,this-OBL.H-ERG
Pronoun,mi,mi-now-dɨ,this-OBL.H-ATTR
Pronoun,mi,mi-nowɨ-χda,this-OBL.H-SUB.ESS
Pronoun,mi,mi-nowu-s,this-OBL.H-DAT
Pronoun,mi,mi-nuw-a,this-OBL.H-ERG
Pronoun,mi,mi-nuw-da,this-OBL.H-APUD.ESS
Pronoun,mi,mi-nuw-dɨ,this-OBL-ATTR
Pronoun,mi,mi-sa,this-MNR
Pronoun,mi,mi-sa-d,this-MNR-ATTR
Pronoun,mi,mi-ʔ,here-LAT
Pronoun,mi,mij,here(ESS)
Pronoun,mi,mij-a,here-EL
Pronoun,mi,mij-eʔ,here-ALL
Pronoun,?,mijaqu,?
Pronoun,mi,minuwɨ,this-obl-super.ess
Pronoun,?,miʔg,here
Pronoun,?,mɨsgadexa,?
Pronoun,wuǯ,r-iǯ,2-self
Pronoun,šešun,šešun,nothing
Pronoun,sin,si-now-dɨ,all-OBL-ATTR
Pronoun,sin,si-now-kan,all-OBL-COM
Pronoun,sin,sim-bɨr,all-PL
Pronoun,sin,sin,all
Pronoun,sin,sinbi-š-dɨ,all.PL.OBL.PL-ATTR
Pronoun,šiw,šiw,what
Pronoun,šiw,šiw-dɨ,what-ATTR
Pronoun,?,sɨ,?
Pronoun,šuw,šu-waldɨ,what-ABSTR
Pronoun,?,šudda,how.much
Pronoun,šiw,šuw,what
Pronoun,šiw,šuw-dɨ,what-ATTR
Pronoun,šuw,šuw-ga-d-i,what-TEMP-ATTR-COP2
Pronoun,šu,šuw-ga-de,what-indef
Pronoun,šuw,šuw-na,what-ADV
Pronoun,ti,ti,yonder
Pronoun,ti,ti-m-baj-dɨ,yonder-OBL-CONTR-ATTR
Pronoun,ti,ti-m-bɨr,yonder-OBL-PL
Pronoun,ti,ti-na:,yonder-El
Pronoun,ti,ti-sa,yonder-MNR
Pronoun,ti,ti-ʔ,yonder-LAT
Pronoun,ti,tin,yonder
Pronoun,ti,tin-bɨr,yonder-PL
Pronoun,tina,tina,there
Pronoun,ti,tine,yonder(ESS)
Pronoun,ti,tinʲ-a,yonder-EL
Pronoun,,tiʔg,that
Pronoun,wɨ,wa,you.SG
Pronoun,wɨ,wa-d,you.SG-ERG
Pronoun,wɨ,wa-d=xa,you.SG-ERG=ADD
Pronoun,wɨ,wa-da,you.SG-APUD.ESS
Pronoun,wɨ,wa-kan,you.SG-COM
Pronoun,wɨ,wa-s,you.SG-DAT
Pronoun,wɨ,wa-χda,you.SG-SUB.ESS
Pronoun,wɨ,wa-χda=xa,you.SG-SUB.ESS=ADD
Pronoun,?,wa???,?
Pronoun,we,we,you.PL
Pronoun,we,we-d,you.PL-ERG
Pronoun,we,we-da,you.PL-APUD.ESS
Pronoun,we,we-kʷan,you.PL-COM
Pronoun,we,we-s,you.PL-DAT
Pronoun,we,we-χ,you.PL-SUB.ESS
Pronoun,we,we-χda=xa,you.PL-SUB.ESS=ADD
Pronoun,wič,wič,she
Pronoun,we,wix-dɨ,you.PL-ATTR
Pronoun,wɨ,wɨ,you.SG
Pronoun,wɨ,wɨ-dɨ,you.SG-ATTR
Pronoun,wɨ,wɨ-xa,you.SG-ADD
Pronoun,wɨš,wɨš,they
Pronoun,wɨš,wɨš,who
Pronoun,wuš,wuš,who
Pronoun,zɨ,za,I
Pronoun,zɨ,za-d,I-ERG
Pronoun,zɨ,za-d=xa,I-ERG=ADD
Pronoun,zɨ,za-da,I-APUD.ESS
Pronoun,zɨ,za-k,I-INTER.ESS
Pronoun,zɨ,za-k-la,I-INTER-EL
Pronoun,zɨ,za-la,I-SUP.EL
Pronoun,zɨ,za-s,I-DAT
Pronoun,zɨ,za-s=xa,I-DAT=ADD
Pronoun,zɨ,za-χda,I-SUB.ESS
Pronoun,zɨ,zɨ,I
Pronoun,zɨ,zɨ=na,I=AND
Pronoun,zɨ,zɨ=xa,I=ADD
Pronoun,zɨ,zu,I
Pronoun,wiǯ,ǯi-dɨ,self.OBL.NM-ATTR
Pronoun,wuǯ,ǯu,self.OBL.M
Pronoun,wiǯ,ǯu-da,self.OBL.M-APUD(ESS)
Pronoun,wiǯ,ǯu-dɨ,self.OBL.M-ATTR
Pronoun,wiǯ,ǯu-du,self.OBL.M-ATTR
Pronoun,wiǯ,ǯu-du=xa,self.OBL.M-ATTR=ADD
Pronoun,wiǯ,ǯu-k-la,self.OBL.M-INTER-EL
Pronoun,wiǯ,ǯu-kan,self.OBL.M-COM
Pronoun,wiǯ,ǯu-s,self.OBL.M-DAT
Pronoun,wiǯ,ǯu-χda,self.OBL.M-SUB.ESS
Pronoun,?,ǯubed,?
Pronoun,ǯux,ǯux-dɨ,which-ATTR
Particle,a,a,PTCL
Particle,belikin,belikin,maybe
Particle,belja,belja,bela
Particle,e,e,PTCL
Particle,hej,hej,hey
Particle,?,hmm,?
Particle,jaxši,jaxši,okey
Particle,jaχči,jaχči,okey
Particle,je,je,PTCL
Particle,jej,jej,PTCL
Particle,jawaš,jɨwaš,quiet
Particle,ke,ke,most
Particle,man,man,PTCL
Particle,net,net,no[R]
Particle,wallah,wallah,by.god
Particle,waʔ,waʔ,no
Particle,wɨte,wɨte,go.HORT
Particle,xej,xej,hey
Particle,huxus,xu-r,say.PFV-CVB
Particle,uxus,xu-r=xa,say.IPFV-CVB
Particle,xur,xur,QUOT
Particle,huxus,xur xu-s,say.PFV.1?-INF
Particle,xur,xur=xa,QUOT=ADD
Particle,xur,xur=xʷa,QUOT=ADD
stat,a,a,be
stat,a,a-d,be-ATTR
stat,a,a-diš,be-NO
stat,a,a-diš-dɨ,be-NO-ATTR
stat,a,a-diš-ma,be-NO-Q
stat,a,a-dɨ,be-ATTR
stat,a,a-ma,be-Q
stat,a,a-na,be-CVB
stat,a,a-ni,be-СVB
stat,wiʔi,d-iʔi,HPL-COP1
stat,wiʔi,d-iʔi-j,HPL-COP1-PST
stat,wiʔi,d-iʔi=xʷa,HPL-COP1=ADD
stat,wiʔi,diš,NO
stat,wiʔi,diš-dɨ,NO-ATTR
stat,wiʔi,diš-ij,NO-PST
stat,wiʔi,diš-ma,NO-Q
stat,gi,gi-d,UNDER.be-ATTR
stat,gi,gi-jden,UNDER.be-IRR
stat,gi,gi-nowɨ-k,UNDER.be-OBL.H-INTER.ESS
stat,wiʔi,h-iʔi,4-be
stat,i,i,COP2
stat,i,i-j,COP2-PST
stat,i,i-ma,COP2-Q
stat,i,i=xa,COP2=ADD
stat,i,ide,?
stat,wiʔi,j-iji,1.COP1
stat,wiʔi,j-iji,4.COP1
stat,wiʔi,j-iʔi-nuw-dɨ,1-COP1-OBL.H-ATTR
stat,wiʔi,j-iʔi-nuw-dɨ,4-COP1-OBL.H-ATTR
stat,wiʔi,jiʔi,1.COP1
stat,wiʔi,jiʔi,4.COP1
stat,wiʔi,jiʔi-d,1.COP1-ATTR
stat,wiʔi,jiʔi-j,1.COP1-PST
stat,wiʔi,jiʔi-j,4.COP1-PST
stat,wiʔi,jiʔi-ma,1.COP1-INTERR
stat,wiʔi,jiʔi-nuw-dɨ,4(?).COP1-OBL.H-ATTR
stat,wiʔi,jiʔi=xʷa,4.COP1=ADD
stat,ki,ki-diš,SURF.be-NO
stat,ki,ki-na,SURF.be-CVB
stat,ki,ki-ni,SURF.be-CVB
stat,kina,kina,CONT.be
stat,wiʔi,r-iʔi,2-COP1
stat,wiʔi,r-iʔi-d,2-COP1-ATTR
stat,wiʔi,r-iʔi-ga,2-COP-TEMP
stat,wiʔi,r-iʔi-j,2-COP1-PST
stat,wiʔi,'r-iʔi-na-q''uz',2-COP2-?
stat,wiʔi,r-iʔi=xa,2-COP1=ADD
stat,wiʔi,r-iʔi=xʷa,2-COP1=ADD
stat,ʁa,ʁa-na,OUT.be-CVB
stat,wiʔi,w-iʔi,3-COP1
stat,wiʔi,w-iʔi=xa,3-COP1=ADD
stat,?,x-a-na,aside-be-CVB
stat,χad,χa,that
stat,χamaba,χa-ma<b>a-ni,ASIDE-remain<3>-CVB
stat,χamaba,χa-ma<b>a=xʷa,ASIDE-remain<3>=ADD
stat,χa,χa-ni,ASIDE.be-CVB
v,?,?,look.IMP
v,?,?,SURF-???
v,halgas,<d>alga-d,<HPL>speak.IPFV-ATTR
v,'ač''irχas','a-č''-i<r>χa-s',IN-EXPR-<1>enter-INF
v,'ač''irχas','a-č''-i<r>χɨ-r=a',IN-EXPR-<1>enter.PFV-CVB=be
v,adgas,a-d-ɨ<r>ga-r=a,IN-HPL-<IPFV>stay.IPFV-CVB=be
v,'eč''us',a-d-u<b>ʁɨ-r=a,PV-HPL-<IPFV>bathe.IPFV-CVB=be
v,aʁabχun,a-ʁ-a<b>χu-d,PV-PV-<3>round.slice-ATTR
v,aʁabχun,a-ʁ-a<b>χu-r=a,PV-PV-<3>round.slice-CVB=be
v,aʁaʔas,a-ʁ-ɨʔɨ-r,IN-OUT-4.do.PVF-CVB
v,adgas,a<d>g-a=xa,<4>IN.stay-IMP=ADD
v,älgɨn,a<l>ga-r-dɨš,<IPFV>IN.1.stay.IPFV-CVB-NO
v,älgɨn,a<l>ga-r=a,<IPFV>IN.1.stay.IPFV-CVB=be
v,?,a<r>gɨ-r,<2>IN.stay.PFV-CVB
v,?,a<r>gɨ-r,<HPL>IN.stay.PFV-CVB
v,?,abg-ɨ-r,IN.stay.PFV-CVB
v,äčuχun,äčuχu-r,open-CVB
v,?,adgɨ,?
v,aɣ daʔas,aɣ d-ɨʔɨ-r,away HPL-do.PFV-CVB
v,aʁabχun,aha<b>χu-d,<4>round.slice.PFV-ATTR
v,adgas,arga-r-a,1.stay.IPFV-CVB=be
v,adgas,argɨ-r,1.stay.PFV-CVB
v,beʔes,b-eʔe-r,3-pull.IPFV-CVB
v,beʔes,b-iʔi-r,4-pull.PFV-CVB
v,waʔas,d-aʔa-r-i,4-do.IPFV-CVB-COP1
v,waʔas,d-aʔa-r=a,HPL-do.IPFV-CVB=be
v,?,d-aχ-a,HPL-run-IMP
v,waχas,d-aχɨ-r,HPL-run.PFV-CVB
v,beʔes,d-eʔ,4-pull.IMP
v,wɨkɨs,d-iši-r,HPL-become.PFV-CVB
v,wɨkɨs,d-iši-r=a,HPL-become.PFV-CVB=be
v,wɨkɨs,d-iši-r=xa,HPL-become.PFV-CVB=ADD
v,wɨkɨs,d-iši-r=xʷa,HPL-become.PFV-CVB=ADD
v,?,d-iʔi-na,HPL-go.IPFV-CVB
v,'wiq''es','d-ɨ<r>q''ɨ-jne',HPL-<HPL>die.PFV-COND
v,'wiq''es','d-ɨ<r>q''ɨ-r',HPL-<HPL>die.PFV-CVB
v,wɨkɨs,d-ɨkɨ-s,HPL-become-INF
v,hɨwɨs,d-ɨwɨ-r,HPL-give.PFV-CVB
v,wuruʔus,d-ɨxɨ-d,HPL-go.PFV-ADD
v,wuruʔus,d-ɨxɨ-jne,HPL-go.PFV-COND
v,wuruʔus,d-ɨxɨ-r,HPL-go.PFV-CVB
v,wuruʔus,d-ɨxɨ-r=xʷa,HPL-go.PFV-CVB=ADD
v,waʔas,d-ɨʔɨ-r,HPL-do.PFV-CVB
v,wulqas,d-ülqe-s,HPL-play-INF
v,'wiq''es','dɨ-q''ɨrq''ɨ-n-bɨr',HPL-die.IPFV-NMLZ-PL
v,'wiq''es','dɨ-rq''ɨrq''ɨ',HPL-die.IPFV-CVB=be
v,wuruʔus,du-ruʔu-r,HPL-become.IPFV-CVB
v,wuruʔus,du-ruʔu-r-i-j,HPL-go.IPFV-CVB-COP2-PST
v,wuruʔus,du-ruʔu-r-i-jden,HPL-go.IPFV-CVB-COP2-IRR
v,wuruʔus,du-ruʔu-r=a,HPL-go.IPFV-CVB=be
v,wuruʔus,du-ruʔu-s,HPL-go-INF
v,wuruʔus,du-ruʔu-s-dɨ,HPL-go-INF-ATTR
v,wuruʔus,du-ruʔu-s-ɨ,HPL-go-INF-FUT
v,ʁurʁas,dü-ʁürʁe-d,HPL-wander.IPFV-ATR
v,?,dü-ʁürʁe-s,HPL-wander-INF
v,ekiʔirgas,e-k-r-i<r>ga-r-diš,PV-PV-2-<IPFV>find.IPFV-CVB-NO
v,'eʁeč''us','e-ʁ-e<l>č''u-r',IN-OUT-<HPL>move.PFV-CVB
v,,'e-ʁ-eč''u-r',IN-OUT-1.move.PFV-CVB
v,?,e-ʁ-i<d>xu-r,IN-OUT-<4>appear.PFV-CVB
v,'eč''us','e<l>č''u-r',<HPL>IN.move-CVB
v,'eč''us','e<l>č''u-t=xa',<HPL>IN.move-ATTR=ADD
v,?,'ge-ʁ-e<r>č''u-s',UNDER-OUT-<2>move-INF
v,geʁijis,'ge-ʁ-ijič''',PV-IN-1.move.IMP
v,?,ge-ʁ-ile-r=a,UNDER-OUT-1.drag.IPFV-CVB=be
v,geʁiʔi,'ge-ʁ-iʔič''',PV-IN-1.move.IMP
v,?,ge-ʁ-w-i<b>xu-r=a,UNDER-OUT-3-appear.PFV-CVB=be
v,?,ge-ʁi-r-aʔ,UNDER-OUT-1-do.IMP
v,gʲaɢas,ge<d>ɢɨ-jne,PV-<HPL>look.PFV-COND
v,'gič''es','gič''e-r=a',1.fear.IPFV-CVB=be
v,'gič''es','gič''i-r=a',1.fear.PFV-CVB=be
v,?,gɨˤ-d-ɨˤrχaˤ-r,<HPL>meet.IPFV-CVB
v,?,gɨˤ<d>χɨˤ-jne,<HPL>meet.up.PFV-COND
v,gʲawɢas,gʲ-a<r>ɢa-s,PV-<2>look-INF
v,gʲawɢas,gʲ-a<r>ɢɨ-r=xʷa,PV-<2>look.PFV-CVB=ADD
v,gʲawɢas,gʲ-aɢ,PV-1.look.IMP
v,gʲawɢas,gʲ-aɢ-a,PV-1.look-IMP
v,gʲawɢas,gʲ-aɢa-d,PV-4.look.IPFV-ATTR
v,gʲawɢas,gʲ-aɢa-ma,PV-1.look.IPFV-LIM
v,gʲawɢas,gʲ-aɢɨ-d=xʷa,PV-1.look.PFV-ATTR=ADD
v,gʲawɢas,gʲ-aɢɨ-r,PV-1.look.PFV-CVB
v,gʲaɢas,gʲ-e<d>ɢɨ-r,PV-<4>see.PFV-CVB
v,gʲaɢas,gʲ-e<d>ɢɨ-r,PV-<HPL>see.PFV-CVB
v,gebgas,gʲ-e<r>gɨ-r,UNDER-<1>stay.PFV-CVB
v,,gʲ-e<r>tu-nuw-dɨ,UNDER-<2>leave.PFV-OBL-ATTR
v,giltas,gʲ-i<l>ta-d=xa,PV-<IPFV>4.pet.IPFV-ATTR=ADD
v,?,gʲ-i<l>tɨ-r,PV-<IPFV>4.pet.PFV-CVB
v,?,gʲä-d-ɨ<b>ʁu-r=a,UNDER-HPL-move.IPFV-CVB=be
v,gʲawɢas,gʲa-r-aɢ,PV-2-look.IMP
v,gʲawɢas,gʲa-r-ɨɢa-ma=xʷa,PV-2-look.IPFV-LIM=ADD
v,gʲaɢas,gʲe-d-eɢ,PV-HPL-look.IMP
v,?,gʲe-q-i<b>tɨ-r,PV-RE-4.pet.PFV-CVB
v,'ɢirq''as',ɢɨχɨ-d,1.hide.PFV-ATTR
v,waʔas,h-aʔa-d,̃NPL-do.IPFV-ATTR
v,hɨkɨs,h-ichši-r,3-be.PFV-CVB
v,uʔu,h-uʔu-na,EMPH-up-there?
v,ixin,h-uʔu-s-ixi-r,EMPH-up-DOWN-4.put.PFV-CVB
v,wuruʔus,ha<p>χɨˁ-r,<3>go.PFV-CVB
v,waʔas,ha<r>ɨ-r=a-d,<2>do.pfv-cvb=be-ATTR
v,waʔas,ha<w>ɨ-r,<3>do.PFV-CVB
v,waʔas,ha<w>ɨ-r=xa,<3>do.PFV-CVB=ADD
v,'hac''ɨs','hac''a-biši-s',1.know.IPFV-PL.OBL-DAT
v,'hac''ɨs','hac''a-biši-s',4.know.IPFV-PL.OBL-DAT
v,'wac''as','hac''a-d',1.know.IPFV-ATTR
v,'wac''as','hac''a-d',4.know.IPFV-ATTR
v,'wac''as','hac''a-d-kal-dɨ-bɨr',1.know.IPFV-ATTR-SIMIL-ATTR-PL
v,'wac''as','hac''a-d-kal-dɨ-bɨr',4.know.IPFV-ATTR-SIMIL-ATTR-PL
v,'wac''as','hac''a-dɨ',1.know.IPFV-ATTR
v,'wac''as','hac''a-dɨ',4.know.IPFV-ATTR
v,'wac''as','hac''a-r-diš',1.know.IPFV-CVB-NO
v,'wac''as','hac''a-r-diš',4.know.IPFV-CVB-NO
v,'wac''as','hac''a-r-ɨ-ma',1.know.IPFV-CVB-COP2-Q
v,'wac''as','hac''a-r-ɨ-ma',4.know.IPFV-CVB-COP2-Q
v,'wac''as','hac''a-r=a',1.know.IPFV-CVB=be
v,'wac''as','hac''a-r=a',4.know.IPFV-CVB=be
v,'wac''as','hac''ɨ-r',1.know.PFV-CVB
v,'wac''as','hac''ɨ-r',4.know.PFV-CVB
v,?,hajir,?
v,jɨq’as,hak-a,1.give-IMP
v,'hak''as','hak''a-r=a',hold-CVB=be
v,walgas,halg-a,1.say-IMP
v,hargɨn,hargɨ-r=a,1.stay.PFV-CVB=be
v,haʁowʁus,haʁowʁu-s,quarrel-INF
v,'wɨlc''as',hawɨ-r,give.PFV-CVB
v,waʔas,haʔ,4.do.IMP
v,waʔas,haʔa,4.do-IMP
v,waʔas,haʔa-d,4.do.IPFV-ATTR
v,waʔas,haʔa-d-i,4.do.IPFV-ATTR-COP2
v,waʔas,haʔa-d-ijden,4.do.IPFV-ATTR-IRR
v,waʔas,haʔa-ga,4.do.IPFV-TEMP
v,waʔas,haʔa-maʔ,4.do.IPFV-LIM
v,waʔas,haʔa-r-i,4.do.IPFV-CVB-COP2
v,waʔas,haʔa-r=а,NPL.do.IPFV-CVB=be
v,waʔas,haʔa-r=a,1.do.IPFV-CVB=be
v,waʔas,haʔa-r=a,4.do.IPFV-CVB=be
v,waʔas,haʔa-s,1.do-INF
v,waʔas,haʔa-s,4.do-INF
v,waʔas,haʔa-s-dɨ,4.do-INF-ATTR
v,waʔas,haʔa-s-i-jden,4.do-INF-COP2-IRR
v,waʔas,haʔa-s-ɨ,4.do-INF-FUT
v,waʔas,haʔa-s=xʷa,4.do-INF=ADD
v,wuruʔus,haˤ<d>χɨˤ-r=a,<HPL>leave.PFV-CVB=be
v,wuruʔus,haˤ<r>χɨˤ-r,<1>leave.PFV-CVB
v,ruʔus,haˤrχɨ-r,1.go.PFV-CVB
v,wuruʔus,haˁ<p>χɨˁ-ne,<4>take.away.PFV-COND
v,wuruʔus,haˁ<r>χɨˁ-r,<1>go.PFV-CVB
v,higas,hi<r>ga-r=a,<4>chase.IPFV-CVB=be
v,hib,hib,closed
v,higas,hig-a=xa,1.chase-IMP=ADD
v,wɨkɨs,hiš,1.become.IMP
v,wɨkɨs,hiši-d,1.become-ATTR
v,wɨkɨs,hiši-j,1.become.IMP-OPT
v,wɨkɨs,hiši-j,4.become.IMP-OPT
v,wɨkɨs,hiši-j,NPL.become.IMP-OPT
v,wɨkɨs,hiši-jne,4.become.PFV-COND
v,wɨkɨs,hiši-ne,1.become.PFV-COND
v,wɨkɨs,hiši-r,1.become.PFV-CVB
v,wɨkɨs,hiši-r,4.become.PFV-CVB
v,wɨkɨs,hiši-r,NPL.become.PFV-CVB
v,wɨkɨs,hiši-r-diš,1.become.PFV-CVB-NO
v,wɨkɨs,hiši-r=a,1.become.PFV-CVB=be
v,wɨkɨs,hiši-r=a,4.become.PFV-CVB=be
v,?,hišitixu-jne,?-TEMP2
v,hɨrgɨn,hɨ<r>ga-r,<1>want.IPFV-CVB
v,wɨgas,hɨga-d,1.want.IPFV-ATTR
v,wɨgas,hɨga-d,4.want.IPFV-ATTR
v,hɨgɨn,hɨga-d-i,1.want.IPFV-ATTR-COP2
v,hɨgɨn,hɨga-d-i,4.want.IPFV-ATTR-COP2
v,wɨgas,hɨga-di,1.want.IPFV-ATTR
v,wɨgas,hɨga-di,4.want.IPFV-ATTR
v,?,hɨga-di=ka,4.want-ATTR=SIMIL
v,hɨgas,'hɨga-na-q''uz',want-CVB-?
v,wɨgas,hɨga-r-dɨš,1.want.IPFV-CVB-NO
v,wɨgas,hɨga-r-dɨš,4.want.IPFV-CVB-NO
v,hɨkɨs,hɨga-r-i,1.want.IPFV-CVB-COP2
v,hɨkɨs,hɨga-r-i,4.want.IPFV-CVB-COP2
v,wɨgas,hɨga-r=a,1.want.IPFV-CVB=be
v,wɨgas,hɨga-r=a,4.want.IPFV-CVB=be
v,hɨgas,hɨga-r=iʔ-i,1.want.IPFV-CVB=COP1-PST
v,hɨgas,hɨga-r=iʔ-i,4.want.IPFV-CVB=COP1-PST
v,wɨkɨs,hɨkɨ-s,4.become-INF
v,wɨkɨs,hɨkɨ-s-dɨ-diš-i-j,1.become.PFV-INF-ATTR-NO-COP2-PST
v,wɨkɨs,hɨkɨ-s-dɨš,1.become-INF-NO
v,wɨkɨs,hɨkɨ-s-ɨ,4.become-INF-FUT
v,hɨwɨs,hɨwɨ-d,4.give.PFV-ATTR
v,hɨwɨs,hɨwɨ-dʲ-a qu-ʔ,4.give.PFV-ATTR-IN.EL backward
v,hɨwɨs,hɨwɨ-r,4.give.PFV-CVB
v,hɨwɨs,hɨwɨ-r=a-j,NPL.give.PFV-CVB=be-PST
v,hɨwɨs,hɨwɨ-s-dɨš,4.give-INF-NO
v,hɨwɨs,hɨwɨ-s-ɨ,4.give-INF-FUT
v,wuruʔus,hɨxɨ-d,NPL.go.PFV-ATTR
v,wuruʔus,hɨxɨ-jne,1.go.PFV-COND
v,wuruʔus,hɨxɨ-jne,4.go.PFV-COND
v,wuruʔus,hɨxɨ-ne,1.go.PFV-COND
v,wuruʔus,hɨxɨ-ne,4.go.PFV-COND
v,wuruʔus,hɨxɨ-r,1.go.PFV-CVB
v,wuruʔus,hɨxɨ-r,4.go.PFV-CVB
v,wuruʔus,hɨxɨ-r=a,1.go.PFV-CVB=be
v,wuruʔus,hɨxɨ-r=a,4.go.PFV-CVB=be
v,wuruʔus,hɨxɨ-s-ɨ,1.go.PFV-INF-FUT
v,wuruʔus,hɨxɨ-s-ɨ,4.go.PFV-INF-FUT
v,huxus,hɨxur,say.PFV
v,waʔas,hɨʔɨ-d,1.do.PFV-ATTR
v,waʔas,hɨʔɨ-d-baj-dɨ,4.do.PFV-ATTR-CONTR-ATTR
v,waʔas,hɨʔɨ-jne=xʷa,4.do.PFV-COND=ADD
v,waʔas,hɨʔɨ-n,1.do.PFV-NMLZ
v,waʔas,hɨʔɨ-n,4.do.PFV-NMLZ
v,waʔas,hɨʔɨ-r,1.do.PFV-CVB
v,waʔas,hɨʔɨ-r,4.do.PFV-CVB
v,waʔas,hɨʔɨ-r=a,4.do.PFV-CVB=be
v,waʔas,hɨʔɨ-r=xʷa,NPL.do.PFV-CVB=ADD
v,wuruʔus,hɨχɨ-r=a,4.go.PFV-CVB=be
v,?,hu-jne,?-COND
v,huxus,hu<r>xu-jne,<2>say-COND
v,huxus,hu<r>xu-s,<2>say-INF
v,?,hujne,?
v,wuruʔus,huruʔu-r=a,4.go.IPFV-CVB=be
v,hutas,hut-u-r,look-PFV-CVB
v,wuxus,huxu-d,4.say.PFV-ATTR
v,wuxus,huxu-d-i,4.say.PFV-ATTR-COP2
v,wuxus,huxu-jne,4.say.PFV-COND
v,wuxus,huxu-n,4.say.PFV-NMLZ
v,?,huxu-ne,4.say.PFV-COND
v,wuxus,huxu-r,4.say.PFV-CVB
v,huxus,huxu-r-xa-j,1.say.PFV-CVB-ADD-PST
v,huxus,huxu-r-xa-j,4.say.PFV-CVB-ADD-PST
v,wuxus,huxu-r=a,1.say.PFV-CVB=be
v,wuxus,huxu-r=a,4.say.PFV-CVB=be
v,wuxus,huxu-r=xa,1.say.PFV-CVB=ADD
v,wuxus,huxu-r=xa,4.say.PFV-CVB=ADD
v,wuxus,huxu-r=xʷa,1.say.PFV-CVB=ADD
v,wuxus,huxu-r=xʷa,4.say.PFV-CVB=ADD
v,wuxus,huxu-s,1.say-INF
v,wuxus,huxu-s,4.say-INF
v,wuruʔus,huʔu-na,1.go.IPFV-CVB
v,wuruʔus,huʔu-r,4.go.IPFV-CVB
v,huχun,huχu-n,4.say.PFV-NMLZ
v,huxus,huχu-na,4.say.PFV-CVB
v,?,i-ʁ-ile-r=a,PV-PV-pull-CVB=BE
v,ixin,i<l>xe-r=a,<APL>IN.4.put.IPFV-CVB=be
v,ixin,i<l>xe-r=a,<IPFV>IN.4.put.IPFV-CVB=be
v,?,i<t>xu-r,<4>IN.appear.PFV-CVB
v,?,'ič''edika',?
v,?,igadeka,?
v,iles,ile-da,eat.IPFV-APUD
v,iles,ile-r=a,1.eat.IPFV-CVB=be
v,iles,ile-r=a,4.eat.IPFV-CVB=be
v,iles,ile-r=a=xa,1.eat.IPFV-CVB=be=ADD
v,iles,ile-r=a=xa,4.eat.IPFV-CVB=be=ADD
v,iles,ile-s,4.eat-INF
v,iles,ile-s-dɨ,4.eat-INF-ATTR
v,iskura,iskura,because.of
v,išlegas,išlega,act.IMP
v,jaχas,j-aχɨ-r,̃NPL-run.PFV-CVB
v,jiʔi,j-iʔi,1-go.IPFV
v,jiʔi,j-iʔi,4-go.IPFV
v,daχas,jaχa,1.run.IMP
v,ješis,ješi-r=a,4.cry.IPFV-CVB=be
v,?,jeta-r=a,4.knock.IPFV-CVB=be
v,?,jetɨ-r,4.knock.PFV-CVB
v,wuruʔus,'ji<b>q''ɨ-ga',<3>come.PFV-TEMP
v,wuruʔus,'ji<d>q''ɨ-r',<1>come.PFV-CVB
v,wuruʔus,'ji<d>q''ɨ-r',<HPL>come.PFV-CVB
v,wuruʔus,'ji<d>q''ɨ-r=a',<HPL>.come.PFV-CVB=be
v,wuruʔus,'ji<d>q''ɨ-r=a-j',<HPL>come.PFV-CVB=be-PST
v,wuruʔus,'ji<r>q''a-d',<1>come.PFV-ATTR
v,wuruʔus,'ji<r>q''ɨ-d',<2>come.PFV-ATTR
v,wuruʔus,'ji<r>q''ɨ-ga',<1>come.PFV-TEMP
v,wuruʔus,'jiq''-a',1.come-IMP
v,'wiq''es','jiq''-e',1.die-IMP
v,'wiq''es','jiq''e-r=a',1.die.IPFV-CVB=be
v,'wiq''es','jiq''i-ga',1.die.PFV-TEMP
v,'wiq''es','jiq''i-r',1.die.PFV-CVB
v,wuruʔus,'jirq''ɨ-d',1.come.PFV-ATTR
v,wuruʔus,'jirq''ɨ-r',1.go.PFV-CVB
v,wuruʔus,'jirq''ɨ-r=xa',1.come.PFV=ADD
v,wɨkɨs,jiši-n,1.become.PFV-NMLZ
v,wɨkɨs,jiši-n,4.become.PFV-NMLZ
v,wɨkɨs,jiši-ne,1.become.PFV-COND
v,wɨkɨs,jiši-ne,4.become.PFV-COND
v,wɨkɨs,jiši-r,1.become.PFV-CVB
v,wɨkɨs,jiši-r,4.become.PFV-CVB
v,wɨkɨs,jiši-r=a,1.become.IPFV-CVB
v,wuruʔus,jiʔi-ga,1.сome.IPFV-TEMP
v,jɨχɨs,jiχeˁ-r=a,1.carry.away.IPFV-CVB=be
v,wuruʔus,jiχɨ-r,4.go.PFV-CVB
v,'wiq''es','jɨq''i-r',1.die.PFV-CVB
v,jɨχɨs,jɨˁχɨˁ-r,1.hit.PFV-CVB
v,jɨχɨs,jɨχe-s-ij,1.carry.away-INF-PST
v,wuruʔus,jɨχɨ-r,4.go.PFV-CVB
v,kidχas,'k-i<d>q''ɨ-r',PV-<4>bring.PFV-CVB
v,?,k-i<l>xe-r=a,PV-<IPFV>4.write.IPFV-CVB=be
v,?,k-i<l>xe-r=a,PV-<IPFV>HPL.write.IPFV-CVB=be
v,?,k-i<r>xu-r,CONT-<1>appear.PFV-CVB
v,?,k-i<r>χa-r=a,PV-<IPFV>4.mix.IPFV-CVB=be
v,?,k-iχɨ-r=xʷa,PV-1.touch.PFV-CVB=ADD
v,kiχɨˤs,k-iχɨˤ-jne,CONT-1.strike.PFV-COND
v,jɨˤχas,k-ɨˤχ-a,СONT-1.strike-IMP
v,?,'k-uč''ü-r',PV-4.begin.PFV-CVB
v,kaʔas,ka-r-aʔa-r=a,INTER-2-do.IPFV-CVB=be
v,kaʔas,ka-r-aʔa-r=a=xa,CONT-2-do.IPFV-CVB=be=ADD
v,karɨʔɨs,karɨʔɨ-ne,happen.PFV-COND
v,kasas,kasa,listen.IMP
v,'keʁeč''us','ke-ʁ-e<l>č''u-s-dɨ-bɨr',CONT-OUT-<HPL>move.PFV-INF-ATTR-PL
v,?,ke-ʁ-iji-r,CONT-OUT-1.cause.move.PFV-CVB
v,?,ke-ʁ-ojči-r,???.PFV-CVB(AOR)
v,?,kehi//,choose
v,kehires,kehɨri-de,choose.PFV*.1-?
v,keʁires,keʁire-s,1.choose.IPFV-INF
v,qehires,keʁiri-r=a,1.choose.PFV-CVB=be
v,kihirχus,ki-ʁ-i<r>xu-r,PV-PV-<1>fall.PFV-CVB
v,?,ki-ǯi-k-ad,<NEG>similar-ATTR
v,kɨˤʁɨtχɨs,kɨˤ-ʁ-d-ɨ<r>χɨ-r=a,CONT-OUT-HPL-go.PFV-CVB=be
v,?,kʲ-i<lʲ>xe-r=a,PV-<IPFV>4.write.IPFV-CVB=be
v,?,kʲ-iwɨ-s-dɨ,CONT-4.give.PFV-INF-ATTR
v,kixäs,kʲ-ixi-r,PV-1.bury.PFV-CVB
v,?,kʲ-ixi-s,PV-4.write-INF
v,?,kʲ-ixʲ-a,PV-4.write-IMP
v,kixäs,kʲ-ixʲa,PV-1.bury.IMP
v,?,kʲ-iχɨ-r,PV-1.touch.PFV-CVB
v,'küč''us','kʲ-ü<l>č''ü-r',CONT-<HPL>move.PFV-CVB
v,'kjaqleč''us',kʲaqlʲadubʁɨ-r,1.come.out.IPFV-CVB
v,?,kʲi-w-ɨχa-r,PV-3-add.IPFV-CVB
v,?,kʲi-w-ɨχa-r=а,PV-3-add.IPFV-CVB=be
v,läjkɨn,l-ä<j>kar,<1>reach.PFV-CVB
v,lalčis,l-a<l>či-r,PV-<HPL>jump.PFV-CVB
v,lapdus,l-a<p>du-j-ne,PV-<3>lose-COP2-COND
v,'lapt''us','l-a<p>t''u-r',PV-<3>end.PFV-CVB
v,?,l-a<w>gɨ-r,put.on-PFV-CVB
v,lakasɨ,l-akɨ-r-diš,PV-bother-CVB-NO
v,?,'l-at''u-r',PV-4.end.PFV-CVB
v,?,'l-at''u-r=a',PV-4.end.PFV-CVB=be
v,lalčis,l-aˤjči-r,PV-1.jump.PFV-CVB
v,'leč''us','l-e<l>č''u-r',UP-<HPL>move.PFV-CVB
v,lewis,l-e<w>i-s,PV-<3>throw.PFV-INF
v,lešus,l-e<w>šu-r,PV-<3>take.PFV-CVB
v,lalčis,'l-ejč''',PV-1.jump.IMP
v,?,l-eji-r,PV-1.raise.PFV-CVB
v,'lep''es','l-ep''e-wa-ʔa',PV-remove-PTCL-?
v,lewšus,l-eš,PV-1.take.IMP
v,lewšus,l-ešu-r,PV-4.take.PFV-CVB
v,lewšus,l-ešu-s,PV-1.take-INF
v,haʔas,l-i<j>i-n,UP-<HPL>do.PFV-NMLZ
v,lirxus,l-i<r>xu-s=a,UP-<2>appear-INF=be
v,?,l-i<t>xu-r,PV-<4>pass.PFV-CVB
v,?,l-i<t>xu-r=a,PV-<4>pass.PFV-CVB=be
v,lixin,l-i<w>xi-r,UP-<3>put.PFV-CVB
v,?,l-ja<b>ʁuˤ-d,UP-<IPFV>4.move.IPFV-ATTR
v,?,l-u<r>zu-r,PV-<2>stand.PFV-CVB
v,luʁun,l-uʁu-ne,PV-fall-COND
v,luxwas,l-uxu-r=a,PV-1.try.PFV-CVB=be
v,?,l-uzu-r,PV-1.stand.PFV-CVB
v,?,l-üzü-r=xʷa,PV-HPL.stand.PFV-CVB=ADD
v,'ač''irxasɨ','la-č''-i<r>xɨ-ne',UP-EXPR-1.go.PFV-COND
v,lalčis,la-d-ɨ<b>či-r=a,PV-HPL-<IPFV>jump.IPFV-CVB=be
v,läjkɨn,lä-j-e<r>ka-r-diš-i,<1>reach<IPFV>-CVB-NO-COP2
v,'labt''was','la-w-ɨ<r>t''ɨ-r=a',PV-3-<IPFV>end.IPFV-CVB=be
v,?,la-w-urda-r=a,PV-3-end.IPFV-CVB=be
v,laˤjirχɨn,laˤ<j>irχa-r=a,1.search.IPFV-CVB=be
v,?,laχara,stay-CVB=be
v,?,le-d-ika-s,PV-HPL-reach-INF
v,lečun,le<b>ču-r=a,<4>take.IPFV-CVB=be
v,?,le<d>qi-ne=xwa,???=ADD
v,?,'ledek''a-d-ɨʔɨ-r',?-HPL-do.PFV-CVB
v,?,'ledeq''ar-d-ɨʔɨ-r',?-HPL-do.PFV-CVB
v,lixin,li-w-i<r>xe-r=a,UP-3-<IPFV>put.IPFV-CVB=be
v,?,li<w>i-r,<3>eat.PFV-CVB
v,?,li<w>ix-ne,UP-<3>put(?)-COND
v,?,liʔi-n,4.eat.PFV-NMLZ
v,?,liʔi-r,4.eat.PFV-CVB
v,'leč''us',lʲa-d-ubʁu-r=a,UP-HPL-move.IPFV-CVB=be
v,?,lulzu-r,get.up.PFV-CVB
v,?,m-a<d>aʔ,PROH-<HPL>do
v,waʔas,m-aʔga,PROH-do
v,abʁus,m-aˁʁuˁ-r=a-j,PROH-4.move.PFV-CVB=BE-PST
v,?,'ma-l<w>ɨ-c''',PROH-give<3>
v,waʔas,ma-w-aʔ,PROH-3-do
v,?,ma<b>-diš-ma,remain<3>-NO-Q
v,?,maʁˁʷ,1.come.PROH
v,mɨslʲaʔaˁt waʔas,mɨslʲaʔaˁt ha<w>ɨ-r,deliberate  <3>do.pfv-cvb
v,аьргын,q-ä<r>gɨ-r-ne,RE-<1>stay.PFV-CVB-COND
v,?,q-a<r>χɨˤ-r,RE-<1>leave.PFV-CVB
v,,q-a<r>χˤɨ-r,RE-<2>leave.PFV-CVB
v,,q-a<r>χˤɨ-r-i-jden,RE-<2>go.to.PFV-CVB-COP2-IRR
v,hɨʔɨn,q-a<w>a-r=a,RE-<3>do.PFV-CVB=be
v,?,'q-ac''a-r',RE-4.know.IPFV-CVB
v,hɨʔɨn,q-aʔa-r=a,RE-do.IPFV-CVB=be
v,haʔas,q-aʔa-s-diš,RE-4.do.IPFV-INF-NO
v,?,q-i<b>xu-r=a,RE-<3>appear.PFV-CVB=be
v,,'q-i<d>q''ɨ-jne',RE-<APL>come.PFV-TEMP2
v,,'q-i<d>q''ɨ-jne',RE-<HPL>come.PFV-TEMP2
v,?,'q-i<d>q''ɨ-r',RE-<4>bring.PFV-CVB
v,?,'q-i<d>q''ɨ-r',RE-<HPL>bring.PFV-CVB
v,hɨkɨs,q-i<d>ši-r,RE-<HPL>become.PFV-CVB
v,?,'q-i<r>q''ɨ-r',RE-<1>come.PFV-CVB
v,,q-i<r>ši-r,RE-<2>become.PFV-CVB
v,qiles,q-ile-r=a-diš=xa,RE-4.eat.IPFV-CVB=be-NO=ADD
v,'jirq''in','q-iq''a-s',RE-1.come.IPFV-INF
v,'jiq''ɨn','q-iq''a-s-ɨ',RE-1.come.IPFV-INF-FUT
v,qilxes,q-ixi-r=a=xa,RE-4.put.PFV-CVB=be=ADD
v,'qirq''as','q-ɨ<r>q''ɨ-r',RE-<1>come.PFV-CVB
v,?,q-ɨrɨrɨx,RE-come
v,hɨwɨs,q-ɨwɨ-r,RE-<3>give.PFV-CVB
v,?,q-ɨʔɨ-n,RE-1.do.PFV-NMLZ
v,hɨʔɨn,q-ɨʔɨ-r,RE-4.do.PFV-CVB
v,qurʁus,q-u<r>ʁu-s-diš,RE-<2>come.IPFV-INF-NO
v,?,q-udʁu-ga,?
v,huxus,q-uxu-s-ɨ,RE-1.say.PFV-INF-FUT
v,?,q-uˤ<r>ʁuˤ-r=a,RE-<2>go.to.IPFV-CVB=be
v,?,q-uˤ<r>ʁuˤ-r=aˤ,RE-<2>come.IPFV-CVB=be
v,?,q-uˤ<t>ʁuˤ-r=a,RE-<HPL>go.to.IPFV-CVB=be
v,?,q-uˁʁuˁ-r=a,RE-1.go.to.IPFV-CVB=be
v,hɨʔɨn,'q''-a<w>a-r=a',RE-<3>do.IPFV-CVB=be
v,hɨʔɨn,'q''-aʔa-r=a',RE-4.do.IPFV-CVB=be
v,'q''aʁarɨn','q''aʁarus',count-INF
v,?,'q''ix-e',grow-IMP
v,,qa-d-ɨʔɨ-r,RE-HPL-do.PFV-CVB
v,qawaʔas,qa-w-aʔa-r-diš,RE-3-do.IPFV-CVB-NO
v,qawaʔas,qa-w-aʔa-s,RE-3-do.IPFV-INF
v,qadacas,qadaca-s,1.hear.IPFV-INF
v,qakas,qaka,move
v,qasun,qasɨ-r,listen-CVB
v,'qereq''as','qe-r-eq''a-s',RE-2-come-INF
v,?,qe-ʁ-ǯ-e<d>qu-d,RE-OUT-NEG-<HPL>let.go-ATTR
v,?,qe-ʁ-ǯ-e<d>qu-d,RE-OUT-NEG-<NPL>let.go-ATTR
v,?,qe-w-ita-r-diš,re-3-bother-cvb-no
v,?,qi-r-iš,RE-2-become.IMP
v,?,'qɨ-lc''a-r-a',RE-give.IPFV-CVB=be
v,?,'qɨ-wɨlc''a-r=a',RE-4.give.IPFV-CVB=be
v,?,'qɨ-wɨlc''a-r=a-ni',RE-4.give.IPFV-CVB=be-CVB
v,?,qɨˤrki-d-kal-dɨ,hot.OBL-ATTR-SIMIL-ATTR
v,'q''eʁires','qʲaʁat''ɨ-r',choose.PFV-CVB
v,qugadgɨn,quga<d>gɨ-r,<4>miss.PFV-CVB
v,waʔas,r-aʔa-r=a,2-do.IPFV-CVB=be
v,waʔas,r-aʔa-s,2-do.IPFV-INF
v,?,r-eši-r=a,2-cry.PFV-CVB=be
v,'wiq''es','r-iq''i-r',2-die.PFV-CVB
v,'wiq''es','r-iq''i-r=a-d',2-die.PFV-CVB=be-ATTR
v,wɨkɨs,r-iši-d,2-become.PFV-ATTR
v,wɨkɨs,r-iši-jne,2-become.PFV-COND
v,wɨkɨs,r-iši-r,2-become.PFV-CVB
v,wɨkɨs,r-iši-r-i-jden,2-become.PFV-CVB-COP2-IRR
v,wɨkɨs,r-iši-r=a,2-become.PFV-CVB=be
v,?,r-iʔi-na=a,2-COP-CVB=be
v,hɨgas,r-ɨga-r=a,2-want.PFV-CVB=be
v,?,'r-ɨq''-a',2-come-IMP
v,hɨwɨs,r-ɨwɨ-n,2-give.PFV-NMLZ
v,?,r-ɨwɨ-s,2-give.PFV-INF
v,hɨwɨs,'r-ɨwɨlc''a-r-ɨ-ma',2-give.IPFV-CVB-COP2-Q
v,hɨwɨs,'r-ɨwɨlc''a-r=a',2-give.IPFV-CVB=be
v,waʔas,r-ɨʔɨ-r,2-do.PFV-CVB
v,raˤʁas,raˤʁa-r=a,1.drink.IPFV-CVB=be
v,raˤʁas,raˤʁa-r=a,4.drink.IPFV-CVB=be
v,raˤʁas,raˤʁɨ-n,1.drink.PFV-NMLZ
v,raˤʁas,raˤʁɨ-n,1.drink.PFV-NMLZ
v,raˤʁas,raˤʁɨ-n,4.drink.PFV-NMLZ
v,raʁas,raˁʁa-d,1.drink.IPFV-ATTR
v,raʁas,raˁʁa-d,4.drink.IPFV-ATTR
v,raʁas,raˁʁa-s,drink-INF
v,ruʔus,riχ,1.go.IMP
v,?,riχa-r=a,4.wash.IPFV-CVB=be
v,?,rɨgɨ<r>ga-r=a,<2>bring-CVB=be
v,?,rɨgɨ<r>gɨ-r,<2>bring-CVB
v,?,rɨˤxɨ-r=a,leave.to.PFV-CVB=be
v,wuruʔus,ru<r>u-r=a,<2>come.IPFV-CVB=be
v,wuruʔus,ru<r>u-s-diš,<2>come.IPFV-INF-NO
v,?,ruxa-d,1.say.IPFV-ATTR
v,?,ruxa-d,4.say.IPFV-ATTR
v,?,ruxa-r=a,1.say.IPFV-CVB=be
v,?,ruxa-r=a,4.say.IPFV-CVB=be
v,huxus,ruxu-r-i,1.speak.IPFV-CVB-СOP2
v,ruxus,ruxu-r=a,1.say.IPFV-CVB=be
v,ruχwas,ruxwa-r=a,1.say.IPFV-CVB=be
v,huxus,ruxʷa-r=a,say.PFV-CVB=be
v,wuruʔus,ruʔu-d,1.become.IPFV-ATTR
v,wuruʔus,ruʔu-d,1.go.IPFV-ATTR
v,wuruʔus,ruʔu-d,4.become.IPFV-ATTR
v,wuruʔus,ruʔu-d,4.go.IPFV-ATTR
v,wuruʔus,ruʔu-d,NPL.become.IPFV-ATTR
v,wuruʔus,ruʔu-d-diš,1.become.IPFV-CVB-NEG
v,wuruʔus,ruʔu-d-diš,1.go.IPFV-CVB-NEG
v,wuruʔus,ruʔu-d-i,4.become.IPFV-ATTR-COP2
v,wuruʔus,ruʔu-d-i,4.go.IPFV-ATTR-COP2
v,wuruʔus,ruʔu-r-dɨš,1.become.IPFV-CVB-NO
v,wuruʔus,ruʔu-r-dɨš,1.go.IPFV-CVB-NO
v,wuruʔus,ruʔu-r-i,1.become.IPFV-CVB-COP2
v,wuruʔus,ruʔu-r-i,1.go.IPFV-CVB-COP2
v,wuruʔus,ruʔu-r=a,1.become.IPFV-CVB=be
v,wuruʔus,ruʔu-r=a,1.go.IPFV-CVB=be
v,wuruʔus,ruʔu-r=a,4.become.IPFV-CVB=be
v,wuruʔus,ruʔu-r=a,4.go.IPFV-CVB=be
v,wuruʔus,ruʔu-r=a-j,become.IPFV-CVB=be-PST
v,wuruʔus,ruʔu-r=a-j,go.IPFV-CVB=be-PST
v,wuruʔus,ruʔur-i-j,become.IPFV-COP2-PST
v,wuruʔus,ruʔur-i-j,go.IPFV-COP2-PST
v,ʁagwas,ʁ-a<r>gu-ne,PV-<2>see.PFV-COND
v,ʁagwas,ʁ-a<r>gu-r,PV-<2>see.PFV-CVB
v,?,ʁ-a<r>gʷa-d,PV-<IPFV>4.see.IPFV-ATTR
v,?,ʁ-a<r>gʷa-r-ɨ-ma,PV-<IPFV>4.see.IPFV-CVB-INTRG
v,?,ʁ-agu-d,PV-4.see.PFV-ATTR
v,?,ʁ-agu-ga,PV-1.see.PFV-TEMP1
v,?,ʁ-aʁu-d,PV-4.force.PFV-ATTR
v,?,ʁ-e<l>gü-r=a,PV-<APL>see.PFV-CVB=be
v,ʁejis,ʁ-e<r>i-r,PV-<2>kick.out.PFV-CVB
v,'ʁeč''us','ʁ-eč''u-r',OUT-1.move.PFV-CVB
v,?,ʁa-d-ɨ<r>ga-d,OUT-HPL-<IPFV>stay.IPFV-ATTR
v,'ʁeč''us',ʁa-d-ubʁu-r=a,OUT-HPL-move.IPFV-CVB=be
v,ʁaχas,ʁa-r-ɨχa-r=a,OUT-<2>hit.IPFV-CVB=be
v,?,ʁa<r>urga-r=a,<2>see.IPFV-CVB=be
v,?,ʁe-d-ibʁu-r-diš,OUT-HPL-let.go-CVB-NO
v,?,'ʁe-q-e<r>č''u-r=xa',OUT-RE-<2>move.PFV-CVB=ADD
v,xidigas,ʁi-d-igɨ-r,OUT-HPL-выгонять.PFV-CVB
v,ʁiʁ,ʁiʁ,close
v,ʁiʁin,ʁiʁi-r,close.PFV-CVB
v,saptas,s-a<p>ta-s,PV-<3>leave-INF
v,sartas,s-a<r>tara,PV-<2>leave.IMP
v,satas,s-atɨ-r,PV-1.leave.PFV-CVB
v,'sekeč''us','s-e<l>č''u-jne',DOWN-<HPL>move.PFV-TEMP2
v,'sekeč''us','s-e<l>č''u-r=a',DOWN-<HPL>move.PFV-CVB=be
v,sedχɨn,s-e<r>χa-r=a,PV-<???>slice.IPFV-CVB=be
v,?,s-e<t>χɨ-r=xʷa,PV-<HPL>sleep.PFV-CVB=ADD
v,sixun,s-i<d>xu-ne,DOWN-<4>appear.PFV-COND
v,'suq''as','s-i<l>q''e-d',PV-<IPFV>sit.IPFV-ATTR
v,sixin,s-i<l>xe-r=a,<APL>put.IPFV-CVB=be
v,sixin,s-i<l>xe-r=a,DOWN-<IPFV>4.put.IPFV-CVB=be
v,sixin,s-ixi-r,DOWN-4.put.PFV-CVB
v,?,'s-ɨ<d>q''ɨ-r',PV-<HPL>sit.PFV-CVB
v,sɨχɨs,s-ɨ<w>χɨ-jne=xʷa,PV-<3>push.PFV-TEMP2=ADD
v,sɨχɨs,s-ɨ<w>χɨ-r=a,PV-<3>push.PFV-CVB=be
v,sɨχɨs,s-ɨ<w>χɨ-r=xʷa,PV-<3>push.PFV-CVB=ADD
v,'suq''as','s-u<b>q''u-r=a',PV-<1>sit.IPFV-CVB=be
v,'siq''un','s-u<d>q''ɨ-r',PV-<HPL>seat.PFV-CVB
v,'siq''un','s-ü<d>q''ü-ne',PV-<HPL>sit.PFV-COND
v,'suq''us','s-ü<d>q''u-r',PV-<HPL>sit.PFV-CVB
v,'suq''us','s-ü<d>q''u-r=a',PV-<HPL>sit.PFV-CVB=be
v,surgas,s-ü<lʲ>ge-r=a,PV-<APL>get.lost-CVB=be
v,sugas,s-u<r>gu-t,PV-<2>disappear.PFV-ATTR
v,'suq''as','s-ü<r>q''u-d',PV-<2>sit.PFV-ATTR
v,'suq''as','s-u<r>q''u-r',PV-<2>sit.PFV-CVB
v,'suq''as','s-u<r>q''u-r=a-na',PV-<2>sit.PFV-CVB=be-CVB
v,sukur,s-uku-r,PV-1.head.to-CVB
v,'suq''as','s-uq''u-r',PV-1.sit.PFV-CVB
v,?,'s-uq''ʷa',PV-1.sit.down.IMP
v,sačibkas,sa-č-w-i<l>xe-r=a,DOWN-EXPR-3-<IPFV>put.IPFV-CVB=be
v,cawɨr,sawɨ-r,drop.PFV-CVB
v,'sijč''in','si-j-ǯu-č''u-n',PV-PV-NEG-4.overboil.PFV-NMLZ
v,sigas,siga,leave.IMP
v,sɨχɨs,sɨχɨ-r,throw-CVB
v,sürgün,su<r>gu-n,2.disappear.PFV-NMLZ
v,sürgün,su<r>gun-diš,2.disappear.PFV-NMLZ-NEG
v,?,un a-d,sound 1.do.IPFV-ATTR
v,?,uˤ<r>uˤχuˤ-n,<2>keep.PFV-NMLZ
v,?,uˤrxuˤ-d,save.PFV-ATTR
v,?,uˤχuˤ-n,1.keep.PFV-NMLZ
v,?,uˤχuˤ-s,1.keep-INF
v,'hac''as','w-ac''a-r=a',3-know.IPFV-CVB=be
v,waʁas,w-aʁa-s,3-ask.for-INF
v,waʁas,w-aʁa-s,3-ask.for-INF
v,haʔas,w-aʔ,3-do.IMP
v,waʔas,w-aʔa,3-be
v,waʔas,w-aʔa-r-i,3-do.IPFV-CVB-COP2
v,waʔas,w-aʔa-r-i-j,3-do.IPFV-CVB-COP2-PST
v,waʔas,w-aʔa-r-i-jden,3-do.IPFV-CVB-COP2-IRR
v,waʔas,w-aʔa-r=a,3-do.IPFV-CVB=be
v,waʔas,w-aʔa-s,3-do.IPFV-INF
v,waʔas,w-aʔa-s-dɨ,3-do.IPFV-INF-ATTR
v,hɨwɨs,'w-ilc''a-r=a',3-give.IPFV-CVB=be
v,wɨkɨs,w-iš-i-j,3-become.IMP-COP2-PST
v,wɨkɨs,w-iši-ne,3-become.PFV-COND
v,wɨkɨs,w-iši-r,3-become.PFV-CVB
v,wɨkɨs,w-iši-r-ɨ-ma,1-become.PFV-CVB-COP2-Q
v,wɨkɨs,w-iši-r=a,3-become.PFV-CVB=be
v,wɨkɨs,w-iši-r=a-j,3-become.PFV-CVB=be-PST
v,wɨkɨs,w-iši-r=a-j=xa,3-become.PFV-CVB=be-PST=ADD
v,wiʔi,w-iʔi-d,3-come.IPFV-ATTR
v,wiʔi,w-iʔi-na,3-come.IPFV-CVB
v,?,w-ɨ-d-kal-dɨ,1-give-ATTR-SIMIL-ATTR
v,hɨwɨs,'w-ɨlc''a-r-i',3-give.IPFV-CVB-COP2
v,hɨwɨs,'w-ɨlc''a-r=a',3-give.IPFV-CVB=be
v,?,w-ɨrɨhɨ-r-i-j,3(?)-?-CVB-COP2-PST
v,waʔas,w-ɨʔɨ-n,3-do.PFV-NMLZ
v,waʔas,w-ɨʔɨ-r,3-do.PFV-CVB
v,???,w-urχa-ga,3-boil.IPFV-TEMP
v,?,'wɨʔɨt''i',?
v,wuruʔus,wu-ruʔg-u-r=a,3-go.PFV-CVB=be
v,ruʔus,wu-ruʔu-d,3-go.IPFV-ATTR
v,ruʔus,wu-ruʔu-r=a,3-go.IPFV-CVB=be
v,wuruʔus,wuruʔus,HPL-go.IPFV-LIM
v,?,xili<r>xu-r,<1>drown.PFV-CVB
v,huxus,xu-jne,say.PFV-COND
v,huxus,xu-jne=xa,say.PFV-COND=ADD
v,huxus,xu-ne,say.PFV-COND
v,huxus,xu-s,QUOT-INF
v,'hac''as','ǯ-ac''a-biš-e',NEG-know.IPFV-OBL.PL-ERG
v,'hac''as','ǯ-ac''a-d',NEG-know.IPFV-ATTR
v,'jič''es/jiʔi','ǯ-ič''e-di-r=a',NEG-want-ATTR-CVB=be
v,'wiq''es','ǯ-iq''i-d',NEG-die.PFV-ATTR
v,wɨkɨs,ǯ-iši-jne,NEG-become.PFV-COND
v,wɨkɨs,ǯ-iši-r,NEG-become.PFV-CVB
v,hɨwɨs,ǯ-iwɨ-r=a=xa,NEG-give.PFV-CVB=be=ADD
v,hɨwɨs,ǯ-iwɨlca-d-i-jden,NEG-give.IPFV-ATTR-COP2-COND
v,hɨwɨs,ǯ-iwu-r=a,NEG-4.give.PFV-CVB=be
v,wuχus,ǯ-ü<d>χu-d,NEG-<HPL>ANPL.give.birth.PFV-ATTR
v,'χaq''as','χ-aq''',PV-1.catch.IMP
v,'χaq''as','χ-aq''ɨ-deka',PV-4(?).hold.PFV-???(=deqa?)
v,?,χ-aʁu-r=xa,PV-1.throw.PFV-CVB=ADD
v,χeis,χ-eji-r,PV-1.fall.PFV-CVB
v,χukas,χ-u<d>k-a,PV-<4>ask-IMP
v,χutkas,χ-u<d>ku-r,PV-<4>ask.PFV-CVB
v,χutkas,χ-u<l>ka-r=a,PV-<HPL>ask.IPFV-CVB=be
v,?,χ-ulka-r=a,PV-ask.IPFV-CVB=be
v,'χaqaq''as','χa-q-aq''',PV-RE-1.hold.IMP
v,'χaqaq''as','χa-q-aq''u-r',PV-RE-1.catch.PFV-CBV
v,'χaqaq''as','χa-q-ǯ-aq''ɨ-r-ij-den',PV-RE-NEG-1.catch.PFV-CVB-IRR-CTRF
v,?,'χač''i<r>χ',<1>throw.PFV
v,?,'χač''i<r>χɨ-r',<1>throw.PFV-CVB
v,?,'χač''i<r>χɨ-r=a',<1>throw.PFV-CVB=be
v,'χaq''as','χaq''a-s',hold-INF
v,χar haʔas,χaˤr d-aʔa-s-dɨ,teach HPL-do.IPFV-INF-FUT
v,χaˤr haʔas,χaˤr h-a-j-ma-n,teach 1-do.IPFV-PST-LIM-NMLZ
v,?,χe-ʁ-ɨle-r=a,take.away-CVB=be
v,?,χɨˁ-ʁ-ɨχɨ-d,PV-PV-1.stand-ATTR
v,χowqas,χo-w-ɨ<r>ʁa-r=a,PV-3-<IPFV>hold.IPFV-CVB=be
v,χowɢas,χo-w-u<r>ga-r=a,PV-3-<IPFV>hold.IPFV-CVB=be
v,χowɢas,χowɢ-u-n,block-PFV-NMLZ
vb,aman,aman,safe
vb,aramiš,aramiš,search
vb,arʲamiš,arʲamiš,search
vb,begemiši,begemiši,like
vb,bezmiš,bezmiš,get.tired
vb,dagul,dagul,steal
vb,?,dajan-aǯaɣ,stay
vb,?,dutmiš,?
vb,fikir,fikɨr,thought
vb,iǯilas,iǯilas,label
vb,ješemiš,ješemiš,live
vb,jišemiš,jišemiš,live
vb,'q''abɨl','q''abɨl',accept
vb,suzmiš,suzmiš,strain
vb,uvažat,uvažat,respect[R]
vb,χatir,χatir,offend
vb,χaˤr,χaˤr,learning
